Category,Target Hub,Business Name,Rating,Raw Details & Contact Info,Email Address,Website URL
Turnover Cleaning Services,Stroudsburg PA,Trusted Cleaning Services,,"Trusted Cleaning Services
Trusted Cleaning Services
4.9
House cleaning service
Open · Closes 11 PM · (272) 201-9821

Website

Directions",,http://trustedcleaningservicespa.com
Turnover Cleaning Services,Stroudsburg PA,Turnover Queens,,"Turnover Queens
Turnover Queens
No reviews
House cleaning service
Permanently closed · (272) 777-1362

Website

Directions",,http://turnoverqueenspa.com
Turnover Cleaning Services,East Stroudsburg PA,Home4UCleaning LLC,,"Home4UCleaning LLC
Home4UCleaning LLC
4.9(40)
House cleaning service · Monmouth Ct
Closed · Opens 6 AM Sun · (973) 980-6699

Website

Directions
 
""They came out to clean our office and did an absolute phenomenal job.""",,http://home4ucleaning.com
Turnover Cleaning Services,East Stroudsburg PA,Maid 2 Clean,,"Maid 2 Clean
Maid 2 Clean
4.6(380)
House cleaning service · 2937 PA-611 Ste 10A
Closed · Opens 9 AM Mon · (570) 588-8944

Website

Directions
 
""The cleaners arrived on time and did thorough work.""
 

Book online",,http://maid2cleanpa.com/house-cleaning-maid-services-in-east-stroudsburg-pa/
Turnover Cleaning Services,East Stroudsburg PA,Turnover Titans Cleaning Co.,,"Turnover Titans Cleaning Co.
Turnover Titans Cleaning Co.
4.8(17)
House cleaning service
Closed · Opens 8 AM Sun · (610) 572-4770

Website

Directions
 
""Very happy with the cleaning provided, does an immaculate job.""",,http://turnovertitans.com
Turnover Cleaning Services,East Stroudsburg PA,Poconos Hoodcleaning,,"Poconos Hoodcleaning
Poconos Hoodcleaning
4.5(33)
Cleaning service · 131 N 9th St
Open 24 hours · (570) 982-2626

Website

Directions
 
""They were professional, and did a fantastic job cleaning our hood .""",,http://poconoshoods.com/hood-cleaning-services/
Turnover Cleaning Services,East Stroudsburg PA,Merry Maids of the Poconos,,"Merry Maids of the Poconos
Merry Maids of the Poconos
4.3(55)
House cleaning service · 884 Rte 115
Closed · Opens 8:30 AM Mon · (570) 227-3243

Website

Directions
 
""They did a great job in doing a Deep cleaning""",,http://merrymaids.com/home-cleaners-stroudsburg-pa
Turnover Cleaning Services,Jim Thorpe PA,"Clean as a Whistle Cleaning and Handyman Services, LLC",,"Clean as a Whistle Cleaning and Handyman Services, LLC
Clean as a Whistle Cleaning and Handyman Services, LLC
5.0(14)
House cleaning service
Open 24 hours · (272) 342-5006

Website

Directions
 
""Erica did a fantastic job cleaning our home.""",,http://local.yahoo.com/info-240247062-clean-as-a-whistle-jim-thorpe/
Turnover Cleaning Services,Jim Thorpe PA,Keeping Cleaning Service LLC,,"Keeping Cleaning Service LLC
Keeping Cleaning Service LLC
5.0(5)
Cleaning service · 665 Interchange Rd
Closed · Opens 9 AM Mon

Directions
 
""Best Cleaning Service!""",,http://www.chamberofcommerce.com/business-directory/pennsylvania/lehighton/commercial-cleaning-service/2027285232-keeping-cleaning-service-llc
Turnover Cleaning Services,Jim Thorpe PA,Sue cleaning services,,"Sue cleaning services
Sue cleaning services
5.0(2)
Cleaning service · 245 E Abbott St
Closed · Opens 8 AM Mon

Directions",,http://cleaningservicesby0.wixsite.com/sue-cleaning-service
Turnover Cleaning Services,Jim Thorpe PA,Turnover Cleaning Pros,,"Turnover Cleaning Pros
Turnover Cleaning Pros
4.9(17)
House cleaning service
Closed · Opens 8 AM Sun · (732) 703-6101

Website

Directions
 
""Turnover Cleaning Pros is top notch!""",,http://www.turnovercleaningservices.com
Turnover Cleaning Services,Jim Thorpe PA,Jim thorpe window cleaning,,"Jim thorpe window cleaning
Jim thorpe window cleaning
5.0(2)
Window cleaning service · 20 Center St
Closed · Opens 8 AM Mon · (610) 554-3755

Directions
 
""I've been using Jim Thorpe Window Cleaning for five years.""",,http://pennsylvaniadb.com/company/3709522/jim-thorpe-window-cleaning
Turnover Cleaning Services,Milford PA,R & R Elite Cleaning Services LLC,,"R & R Elite Cleaning Services LLC
R & R Elite Cleaning Services LLC
4.9(67)
House cleaning service
Open 24 hours · (570) 856-0973

Website

Directions
 
""She is friendly, professional, courteous and her cleaning is impeccable.""",,http://www.rrelitecleaningservices.com
Turnover Cleaning Services,Milford PA,Bell's Cleaning Services,,"Bell's Cleaning Services
Bell's Cleaning Services
4.3(6)
Janitorial service · 129 Husson Rd
Open 24 hours · (845) 649-2581

Website

Directions
 
""They do great quality work and they have wonderful communication!""",,http://www.bells-cleaning-services-llc.com/our-cleaning-services
Turnover Cleaning Services,Milford PA,Reset Co. Turnover Cleaning LLC,,"Reset Co. Turnover Cleaning LLC
Reset Co. Turnover Cleaning LLC
No reviews
Janitorial service
Closed · Opens 6 AM Mon · (610) 392-3602

Website

Directions
 
Online estimates",,http://www.bizapedia.com/pa/reset-co-turnover-cleaning-llc.html
Turnover Cleaning Services,Hawley PA,Hawley,,"Hawley
Hawley
No reviews
Pennsylvania 18428
Hawley PA",,http://hawley-borough.org
Turnover Cleaning Services,Honesdale PA,STR Super Cleaners,,"STR Super Cleaners
STR Super Cleaners
4.8(80)
House cleaning service
Open 24 hours · (800) 583-3309

Website

Directions
 
""The Cleaners are efficient, thorough and provide immaculate results.""",,http://strsupercleaners.com
Turnover Cleaning Services,Lake Ariel PA,Vetrano Cleaning Services LLC,,"Vetrano Cleaning Services LLC
Vetrano Cleaning Services LLC
5.0(2)
House cleaning service · 543 Hamlin Hwy
Closed · Opens 8 AM Sun · (570) 483-2500

Website

Directions",,http://vetranocleaningservices.com
Turnover Cleaning Services,Lake Ariel PA,Lake Region Pressure Washing & Exterior Cleaning,,"Lake Region Pressure Washing & Exterior Cleaning
Lake Region Pressure Washing & Exterior Cleaning
4.9(83)
Pressure washing service
Open 24 hours · (570) 616-2238

Website

Directions
 
""They were reasonable priced, professional and punctual.""",,http://www.lakeregionpressurewashingandexteriorcleaning.com
Turnover Cleaning Services,Bartonsville PA,Bartonsville,,"Bartonsville
Bartonsville
No reviews
Pocono Township, PA
Bartonsville PA",,http://monroecountypa.com/communities/bartonsville
Turnover Cleaning Services,Pocono Lake PA,Cleaning Poconos,,"Cleaning Poconos
Cleaning Poconos
5.0(3)
House cleaning service · 353 Scotch Pine Dr
(570) 722-4368

Website

Directions
 
""After this experience, they are now my go-to cleaning company.""",,http://poconocleaningservices.net
Turnover Cleaning Services,Pocono Lake PA,Pocono Cleaners | Vacation Rental Cleaning Services,,"Pocono Cleaners | Vacation Rental Cleaning Services
Pocono Cleaners | Vacation Rental Cleaning Services
5.0(27)
House cleaning service
Closed · Opens 7 AM Sun · (570) 731-8570

Website

Directions
 
""Best cleaning service ive ever had this team doesnt mess around""",,http://www.poconocleaners.com
Turnover Cleaning Services,Pocono Lake PA,Poconos House Cleaning,,"Poconos House Cleaning
Poconos House Cleaning
4.5(50)
House cleaning service
Closed · Opens 11 AM Sun · (570) 704-3777

Website

Directions
 
""Her team does an amazing job.""",,http://www.poconoshousecleaning.com
Turnover Cleaning Services,Pocono Lake PA,Scranton Home Cleaners,,"Scranton Home Cleaners
Scranton Home Cleaners
5.0(19)
House cleaning service
Open 24 hours · (570) 972-1050

Website

Directions
 
""She arrived on time, did a fantastic job!""",,http://scrantonhomecleaners.com
Turnover Cleaning Services,Albrightsville PA,Navium cleaning service,,"Navium cleaning service
Navium cleaning service
4.8(26)
House cleaning service · N Shore Dr
Closed · Opens 9 AM Sun · (631) 455-2707

Directions
 
""Excellent cleaning service.""",,http://www.bestprosintown.com/pa/albrightsville/navium-cleaning-service-/
Turnover Cleaning Services,Lake Wallenpaupack PA,Wallenpaupack Cleaning Services,,"Wallenpaupack Cleaning Services
Wallenpaupack Cleaning Services
4.8(21)
Cleaners · 70 Circle Dr
Closed · Opens 6 AM Sun · (570) 470-4896

Website

Directions
 
Onsite services
·
Online estimates",,http://wallenpaupackcleaningservices.com
Turnover Cleaning Services,Lake Harmony PA,KerryClean Services LLC,,"KerryClean Services LLC
KerryClean Services LLC
3.3(11)
Cleaning service · 252 Lake Harmony Rd
(570) 215-0039

Website

Directions",,http://www.kerryclean.com
Turnover Cleaning Services,Arrowhead Lake Albrightsville PA,At Your Service Cleaning And Property Management,,"At Your Service Cleaning And Property Management
At Your Service Cleaning And Property Management
3.5(13)
Cleaning service
Closed · Opens 7 AM Sun · (570) 599-6092

Website

Directions
 
""I would definitely recommend this company for quality cleaning!""",,http://www.findglocal.com/US/Albrightsville/1390219491198840/At-Your-Service-Concierge-In-The-Poconos
Turnover Cleaning Services,Arrowhead Lake Albrightsville PA,Sparkle Cleaning Co.,,"Sparkle Cleaning Co.
Sparkle Cleaning Co.
5.0(1)
House cleaning service · Crescent Way
(631) 896-5179

Directions
 
""Affordable and comprehensive cleaning company.""",,http://sparklecleaningco.com/book-now/
Turnover Cleaning Services,Arrowhead Lake Albrightsville PA,Sudpro,,"Sudpro
Sudpro
5.0(14)
House cleaning service
Open 24 hours · (570) 579-3885

Website

Directions
 
""The best cleaning company we have found in the area!""",,http://sudpro.com
Turnover Cleaning Services,Bushkill Falls PA,"Mountain Top Cleaning, Landscaping & Snow Removal LLC",,"Mountain Top Cleaning, Landscaping & Snow Removal LLC
Mountain Top Cleaning, Landscaping & Snow Removal LLC
5.0(34)
House cleaning service
Open 24 hours · (908) 838-3868

Directions
 
""Our guests are beyond satisfied with the level of cleanliness and comfort.""",,http://nextdoor.com/pages/mountain-top-cleaning-landscaping-snow-removal-llc-bushkill-pa/
Turnover Cleaning Services,Bushkill Falls PA,We Gotcha Cleaning Services,,"We Gotcha Cleaning Services
We Gotcha Cleaning Services
5.0(52)
House cleaning service
Open 24 hours · (570) 801-9750

Website

Directions
 
""They are super responsive, thorough, and diligent in their cleaning process.""",,http://powerwashmaps.com/general-cleaning/we-gotcha-cleaning-services
Turnover Cleaning Services,Bushkill Falls PA,Bushkill Falls,,"Bushkill Falls
Bushkill Falls
4.6(10,314)
Hiking area · 138 Bushkill Falls Trail
Park with a waterfall, trails & more
Closed · Opens 9 AM Sun · (570) 588-6682

Website

Directions
 
""The trails were well maintained and the location was very clean.""",,http://www.visitbushkillfalls.com
Turnover Cleaning Services,Shawnee on Delaware PA,Turnovers Cleaning Service LLC,,"Turnovers Cleaning Service LLC
Turnovers Cleaning Service LLC
5.0(14)
House cleaning service
Open 24 hours · (267) 469-4548

Directions
 
Online estimates",,http://www.chamberofcommerce.com/united-states/pennsylvania/philadelphia/house-cleaning-service/1337670942-turnovers-cleaning-service-llc
Turnover Cleaning Services,Shawnee on Delaware PA,CDR Cleaners,,"CDR Cleaners
CDR Cleaners
4.9(88)
House cleaning service · 280 W Essex Ave
Closed · Opens 7 AM Sun · (267) 314-8134

Website

Directions
 
Onsite services
·
Online estimates",,http://cdrcleaners.com/delaware-county/
Turnover Cleaning Services,Camelback Resort Tannersville PA,From Dust To Dawn Cleaning Service LLC,,"From Dust To Dawn Cleaning Service LLC
From Dust To Dawn Cleaning Service LLC
No reviews
House cleaning service · PA-611
Closed · Opens 9 AM Sun · (570) 972-5719

Website

Directions",,http://www.chamberofcommerce.com/business-directory/pennsylvania/tannersville/house-cleaning-service/2029471191-from-dust-to-dawn-cleaning-service-llc
Turnover Cleaning Services,Camelback Resort Tannersville PA,Rebecca's Cleaning Services,,"Rebecca's Cleaning Services
Rebecca's Cleaning Services
No reviews
Cleaners · Clover Rd
Open 24 hours · (570) 872-6910

Website

Directions",,http://www.chamberofcommerce.com/united-states/pennsylvania/tannersville/cleaners/39988235-rebecca-s-cleaning-services
Turnover Cleaning Services,Camelback Resort Tannersville PA,Crowned Cleaning Co. - Professional Cleaning Services,,"Crowned Cleaning Co. - Professional Cleaning Services
Crowned Cleaning Co. - Professional Cleaning Services
5.0(22)
Cleaning service · 3222 Evergreen Cir
Closed · Opens 8 AM Sun · (570) 840-0808

Website

Directions
 
""Clear communication, quick communication, good cleaning, no complaints here.""",,http://crownedcleaningco.com
Turnover Cleaning Services,Camelback Resort Tannersville PA,Back Mountain Cleaners,,"Back Mountain Cleaners
Back Mountain Cleaners
5.0(5)
House cleaning service
Open 24 hours · (570) 550-0643

Website

Directions
 
""They are amazing cleaners!!!""",,http://www.camelbackresort.com/resort-information
Turnover Cleaning Services,Blue Mountain Ski Area Palmerton PA,"Mountain Maids Cleaning, LLC",,"Mountain Maids Cleaning, LLC
Mountain Maids Cleaning, LLC
5.0(7)
House cleaning service
Closed · Opens 7 AM Sun · (570) 778-0880

Website

Directions
 
""Very communicative on prices and details about the jobs.""",,http://www.mountainmaidscleaningllc.com
Turnover Cleaning Services,Blue Mountain Ski Area Palmerton PA,RadujSki Cleaning,,"RadujSki Cleaning
RadujSki Cleaning
4.8(43)
House cleaning service
Closed · Opens 9 AM Mon · (610) 392-0522

Website

Directions
 
""Fantastic and thorough cleaning services for a fair price.""
 

Book online",,http://radujski.com
Turnover Cleaning Services,Blue Mountain Ski Area Palmerton PA,Bright & Shiny Maid Service,,"Bright & Shiny Maid Service
Bright & Shiny Maid Service
No reviews
House cleaning service · 1385 Blue Mountain Dr
Temporarily closed · (484) 523-8083

Directions",,http://www.chamberofcommerce.com/business-directory/pennsylvania/danielsville/house-cleaning-service/2029593690-bright-shiny-maid-service
Turnover Cleaning Services,Blue Mountain Ski Area Palmerton PA,Mountain Cleaning Services,,"Mountain Cleaning Services
Mountain Cleaning Services
4.6(11)
House cleaning service
Closed · Opens 8 AM Sun · (570) 781-5070

Website

Directions
 
""I would recommend for consistent STR cleaning, or deep cleans.""
 

Book online",,http://www.skibluemt.com
Turnover Cleaning Services,Resica Falls PA,Aardvark Cleaning Company,,"Aardvark Cleaning Company
Aardvark Cleaning Company
5.0(20)
House cleaning service · 192 Chipperfield Dr
Open 24 hours · (570) 221-4388

Website

Directions
 
""Mike was very responsive, professional and did a great job.""",,http://aardvarkcleaningcompanypa.com
Turnover Cleaning Services,Marshalls Creek PA,Dora Professional Cleaning Services,,"Dora Professional Cleaning Services
Dora Professional Cleaning Services
5.0(3)
Cleaners
Open 24 hours · (484) 761-6240

Website

Directions
 
""My place honestly looked and smelled great when she finished.""",,http://www.doraprofessionalcleaning.com
Turnover Cleaning Services,Marshalls Creek PA,Michael's Construction Cleaning Services,,"Michael's Construction Cleaning Services
Michael's Construction Cleaning Services
4.7(3)
Carpet cleaning service
Open 24 hours · (570) 512-8915

Website

Directions
 
""The efficiency of Michael's Cleaning Services is worth noting.""",,http://www.michels.us
Turnover Cleaning Services,Saw Creek Estates Bushkill PA,MBnB Concierge Cleaners,,"MBnB Concierge Cleaners
MBnB Concierge Cleaners
5.0(24)
House cleaning service
Closed · Opens 9 AM Sun · (570) 468-1566

Website

Directions
 
Online estimates",,http://mbnbconciergecleaners.com
Turnover Cleaning Services,Saw Creek Estates Bushkill PA,Pocono Country Cleaners L.L.C.,,"Pocono Country Cleaners L.L.C.
Pocono Country Cleaners L.L.C.
5.0(2)
Cleaners · 3118 Woodland Ct
Closed · Opens 8 AM Sun · (570) 426-8453

Directions",,http://www.poconocleaners.com
Turnover Cleaning Services,Tanglwood Lakes Greentown PA,Night/Day Cleaners,,"Night/Day Cleaners
Night/Day Cleaners
5.0(2)
House cleaning service · 134 Timber Ridge Cir
Closed · Opens 8 AM Mon · (570) 857-9008

Directions",,http://www.findglocal.com/US/Greentown/151649088232360/Night-Day-Cleaners
Turnover Cleaning Services,Tanglwood Lakes Greentown PA,OHern's Cleaning Services LLC,,"OHern's Cleaning Services LLC
OHern's Cleaning Services LLC
5.0(3)
House cleaning service · Lake Rd
Closed · Opens 8 AM Sun · (570) 580-8504

Directions
 
""Jamie, comes once a week to clean our office.""",,http://nextdoor.com/pages/oherns-cleaning-services-llc-tobyhanna-pa/
Turnover Cleaning Services,Hemlock Farms Hawley PA,Maddison Cleaning Services,,"Maddison Cleaning Services
Maddison Cleaning Services
4.8(39)
House cleaning service · 434 8th Ave
Open 24 hours · (272) 666-1020

Website

Directions
 
Onsite services
·
Online estimates",,http://maddisoncleaningservices.com
Turnover Cleaning Services,Hemlock Farms Hawley PA,Pocono Clean Team,,"Pocono Clean Team
Pocono Clean Team
5.0(4)
Cleaners
Open 24 hours · (570) 903-8820

Website

Directions
 
""Couldn’t be happier, they cleaned from top to bottom, didn’t miss a spot.""",,http://www.hemlockfarms.org
Turnover Cleaning Services,Hemlock Farms Hawley PA,Roman's Cleaning Service,,"Roman's Cleaning Service
Roman's Cleaning Service
4.8(24)
House cleaning service · E Grant St
Closed · Opens 8:30 AM Mon · (484) 731-7471

Directions
 
Onsite services
·
Online estimates",,http://www.hemlockfarms.org
Turnover Cleaning Services,Hemlock Farms Hawley PA,Hocus Pocus Cleaning,,"Hocus Pocus Cleaning
Hocus Pocus Cleaning
4.9(507)
House cleaning service · 2844 Township Line Rd
Closed · Opens 9 AM Mon · (484) 554-3218

Website

Directions
 
Online estimates",,http://hocuspocuscleaningservices.com
Turnover Cleaning Services,Pocono Ranch Lands East Stroudsburg PA,Poconos express cleaning,,"Poconos express cleaning
Poconos express cleaning
No reviews
House cleaning service · 235 Washington St A
Closed · Opens 8 AM Mon · (570) 703-1460

Website

Directions",,http://poconoexpresscleaning.com
Turnover Cleaning Services,Pocono Ranch Lands East Stroudsburg PA,K&J's Dream Clean,,"K&J's Dream Clean
K&J's Dream Clean
5.0(1)
House cleaning service · Mill Creek Rd
Closed · Opens 9 AM Mon · (570) 213-9158

Directions
 
Online estimates
·
Onsite services not available",,http://www.chamberofcommerce.com/business-directory/pennsylvania/east-stroudsburg/house-cleaning-service/2031812896-k-j-s-dream-clean
Turnover Cleaning Services,Hideout Lake Ariel PA,Wanderlust Rentals and Cleaning Services,,"Wanderlust Rentals and Cleaning Services
Wanderlust Rentals and Cleaning Services
5.0(28)
House cleaning service
Closed · Opens 8:30 AM Sun · (570) 904-5996

Website

Directions
 
Online estimates",,http://wanderlustrentals.co
Turnover Cleaning Services,Hideout Lake Ariel PA,From Top to Bottom Carpet and Upholstery Cleaning,,"From Top to Bottom Carpet and Upholstery Cleaning
From Top to Bottom Carpet and Upholstery Cleaning
5.0(51)
Carpet cleaning service · 650 The Hideout
Closed · Opens 8 AM Sun · (570) 677-1111

Website

Directions
 
""Anthony and his son Sal did an Amazing Job and at a very fair price!""",,http://www.fromtoptobottomco.com
Turnover Cleaning Services,Hideout Lake Ariel PA,The Hideout,,"The Hideout
The Hideout
4.3(222)
Gated community ·  · 37 Lakeview Dr
(570) 698-4100

Website

Directions
 
""Clean lakes and wonderful service.""",,N/A
Turnover Cleaning Services,Indian Mountain Lake Lehighton PA,"SERVPRO of Carbon County, Pocono Pines",,"SERVPRO of Carbon County, Pocono Pines
SERVPRO of Carbon County, Pocono Pines
4.8(99)
Carpet cleaning service · 1340 Interchange Rd
Open 24 hours · (610) 776-7774

Website

Directions
 
Onsite services
·
Online estimates",,N/A
Turnover Cleaning Services,Indian Mountain Lake Lehighton PA,Jalene's Cleaning Service,,"Jalene's Cleaning Service
Jalene's Cleaning Service
5.0(3)
Cleaning service · 304 Christman Rd
(570) 386-2739

Directions",,N/A
Turnover Cleaning Services,Indian Mountain Lake Lehighton PA,Hilary's Cleaning Service,,"Hilary's Cleaning Service
Hilary's Cleaning Service
5.0(11)
House cleaning service
Closed · Opens 8 AM Tue · (610) 577-5286

Website

Directions
 
""Hilary's Cleaning Service is THE only cleaning service you will need.""",,N/A
Turnover Cleaning Services,Indian Mountain Lake Lehighton PA,LEM-PRO CLEAN SOLUTIONS,,"LEM-PRO CLEAN SOLUTIONS
LEM-PRO CLEAN SOLUTIONS
No reviews
Cleaning service · 417 S 3rd St
Closed · Opens 8 AM Sun · (610) 577-5109

Website

Directions
 
Online estimates
·
Onsite services not available",,N/A
Hot Tub Maintenance service,Stroudsburg PA,Pocono Pool & Spa LLC,,"Pocono Pool & Spa LLC
Pocono Pool & Spa LLC
4.2(150)
Hot tub store ·  · 1507 N 9th St
Closed · Opens 9 AM Sun · (570) 476-0888

Website

Directions
 
""They are helpful and friendly and knowledgeable of their craft.""",,N/A
Hot Tub Maintenance service,Stroudsburg PA,Easy Pool and Spa,,"Easy Pool and Spa
Easy Pool and Spa
4.4(7)
Pool cleaning service
Closed · Opens 8 AM Sun · (484) 285-4846

Website

Directions
 
Online estimates",,N/A
Hot Tub Maintenance service,Stroudsburg PA,Pocono Hot Tub & Amenity Repair,,"Pocono Hot Tub & Amenity Repair
Pocono Hot Tub & Amenity Repair
5.0(1)
Hot tub repair service
Open 24 hours · (570) 856-2305

Directions",,N/A
Hot Tub Maintenance service,Stroudsburg PA,Aqua Leisure Pools and Spas,,"Aqua Leisure Pools and Spas
Aqua Leisure Pools and Spas
4.7(31)
Swimming pool supply store ·  · LL, 3180 PA-611
Closed · Opens 10 AM Sun · (570) 649-1059

Website

Directions
 
""Terry S the hot tub technician was amazing.""",,N/A
Hot Tub Maintenance service,Stroudsburg PA,Palmway Pools | Hot Tub & Pool Service,,"Palmway Pools | Hot Tub & Pool Service
Palmway Pools | Hot Tub & Pool Service
5.0(13)
Pool cleaning service
Closed · Opens 9 AM Sun · (570) 972-2495

Website

Directions
 
""Technician came out fixed our pool and hot tub issue.""",,N/A
Hot Tub Maintenance service,East Stroudsburg PA,Poconos Hot Tub | Weekly Cleaning Service,,"Poconos Hot Tub | Weekly Cleaning Service
Poconos Hot Tub | Weekly Cleaning Service
5.0(7)
Pool cleaning service
Closed · Opens 9 AM Mon · (570) 678-1600

Website

Directions
 
""... re my first recommendation for anyone needing hot tub services.""",,N/A
Hot Tub Maintenance service,Jim Thorpe PA,PDC Spa & Pool World,,"PDC Spa & Pool World
PDC Spa & Pool World
4.0(55)
Hot tub repair service ·  · 701 Bridge St
Closed · Opens 9 AM Mon · (610) 377-5637

Website

Directions
 
In-store shopping
·
Curbside pickup
·
Delivery",,N/A
Hot Tub Maintenance service,Jim Thorpe PA,Mountain Friendly Spa Service,,"Mountain Friendly Spa Service
Mountain Friendly Spa Service
No reviews
Pool cleaning service
Open 24 hours · (570) 657-7667

Directions",,N/A
Hot Tub Maintenance service,Jim Thorpe PA,Spa Repair By Charles Knight,,"Spa Repair By Charles Knight
Spa Repair By Charles Knight
3.7(6)
Hot tub repair service
Closed · Opens 9 AM Mon · (610) 826-6211

Directions",,N/A
Hot Tub Maintenance service,Jim Thorpe PA,Prime Spa Care LTD,,"Prime Spa Care LTD
Prime Spa Care LTD
5.0(45)
Hot tub repair service
Closed · Opens 8 AM Mon · (484) 646-3711

Website

Directions
 
""He fixed our hot tub that’s been giving us problems in less than 2 hours.""",,N/A
Hot Tub Maintenance service,Jim Thorpe PA,AM Hot Tub Repair,,"AM Hot Tub Repair
AM Hot Tub Repair
4.9(56)
Hot tub repair service
Closed · Opens 9 AM Mon · (267) 362-9707

Website

Directions
 
""Andrew diagnosed my issue and was able to repair the Hot Tub quickly.""",,N/A
Hot Tub Maintenance service,Milford PA,Hot Tub Service,,"Hot Tub Service
Hot Tub Service
4.8(108)
Hot tub repair service ·  · 2000 Industrial Hwy Bldg 20 and 21
Closed · Opens 9 AM Mon · (215) 395-6010

Website

Directions
 
""Hot Tub Service successfully fixed our aging hot tub, now working like new.""",,http://www.bbb.org/us/pa/milford/category/hot-tub-service-and-repair
Hot Tub Maintenance service,Milford PA,P Kornfeind Pool & Spa Service LLC,,"P Kornfeind Pool & Spa Service LLC
P Kornfeind Pool & Spa Service LLC
4.5(10)
Hot tub repair service · 7695 Kernsville Rd Ste A
Closed · Opens 8 AM Sun · (610) 351-7522

Website

Directions
 
""This was for a hot tub pump replacement.""",,http://www.pkornfeindpoolandspaservicellc.com
Hot Tub Maintenance service,Milford PA,Honey Spas,,"Honey Spas
Honey Spas
4.2(168)
Hot tub store ·  · 3226 Morgantown Rd
Closed · Opens 10 AM Mon · (610) 856-6051

Website

Directions
 
""Very friendly and found the problem with my Hot tub very fast.""",,http://www.honeyspas.net
Hot Tub Maintenance service,Milford PA,Trapani Inground Pool Restoration LLC,,"Trapani Inground Pool Restoration LLC
Trapani Inground Pool Restoration LLC
4.8(34)
Swimming pool repair service · 500 Newlins Rd E
Closed · Opens 8 AM Sun · (610) 252-0813

Website

Directions
 
""They showed up early both days and worked until it was done.""",,http://lvpoolrepair.com
Hot Tub Maintenance service,Hawley PA,The Lodge at Woodloch Spa,,"The Lodge at Woodloch Spa
The Lodge at Woodloch Spa
4.8(38)
Spa ·  · 109 River Birch Ln
Closed · Opens 8 AM Mon · (570) 685-8000

Website

Directions
 
""The steam rooms, saunas, hot tubs all are clean and good temperatures.""",,http://booking.com
Hot Tub Maintenance service,Tobyhanna PA,Hot Tub Hygiene,,"Hot Tub Hygiene
Hot Tub Hygiene
5.0(5)
Hot tub repair service
Closed · Opens 10 AM · (570) 534-4060

Website

Directions
 
""I would recommend him for any Hot Tub jobs.""",,http://www.hottubhygiene.com/contact-us
Hot Tub Maintenance service,Lehighton PA,Arete Pool Service,,"Arete Pool Service
Arete Pool Service
3.6(21)
Swimming pool repair service · 378 Delaware Ave
Closed · Opens 9:30 AM Mon · (484) 256-3729

Website

Directions
 
""They are timely, professional, and reasonably priced!""",,http://local.us-info.com/USPA101302904-4842563729/arete_pool_service-palmerton.html
Hot Tub Maintenance service,Lehighton PA,Elite Pools,,"Elite Pools
Elite Pools
3.8(6)
Swimming pool repair service
Closed · Opens 8 AM Mon · (610) 577-6886

Website

Directions
 
""Came out, fixed the pool for less than Hayward did with no problems after.""",,http://www.elitepools.us
Hot Tub Maintenance service,Honesdale PA,Star Spa Services Inc,,"Star Spa Services Inc
Star Spa Services Inc
4.1(18)
Hot tub store · 1250 Roosevelt Hwy
Closed · Opens 9 AM Mon · (570) 253-7201

Website

Directions
 
""Nice people, great with info on the tubs.""",,http://www.starspaservices.com
Hot Tub Maintenance service,Honesdale PA,Olympic Pool Co North,,"Olympic Pool Co North
Olympic Pool Co North
3.9(111)
Hot tub store ·  · 341 Scranton Carbondale Hwy
Closed · Opens 10 AM · (570) 876-4771

Website

Directions
 
""They did a great job and if I needed another pool I would hire them again.""",,http://swimolympic.com
Hot Tub Maintenance service,Honesdale PA,Star Spa Inc,,"Star Spa Inc
Star Spa Inc
3.0(2)
Hot tub repair service · 1937 Bethany Turnpike
Open · Closes 4 AM · (570) 253-7201

Website

Directions",,http://www.starspaservices.com
Hot Tub Maintenance service,Blakeslee PA,A & J Pools,,"A & J Pools
A & J Pools
4.3(95)
Swimming pool contractor ·  · 2138 PA-115
Closed · Opens 9 AM · (570) 203-1161

Website

Directions
 
""Knowledgeable, great men (from the owner on down), great services!!!""",,http://www.anjpools.com
Hot Tub Maintenance service,Lake Ariel PA,North Cascade Pools,,"North Cascade Pools
North Cascade Pools
4.3(6)
Swimming pool repair service · 133 Southerton Ln
Closed · Opens 8 AM Mon · (570) 290-1446

Website

Directions",,http://northcascadepools.square.site
Hot Tub Maintenance service,Saylorsburg PA,Expert Spa Services,,"Expert Spa Services
Expert Spa Services
3.5(8)
Hot tub repair service
(570) 992-8884

Directions",,http://businessyab.com/explore/united_states/pennsylvania/monroe_county/hamilton_township/sciota/expert_spa_service.html
Hot Tub Maintenance service,Saylorsburg PA,Desmond Pools & Spas,,"Desmond Pools & Spas
Desmond Pools & Spas
4.2(45)
Swimming pool contractor
Open 24 hours · (610) 840-6948

Website

Directions
 
""Great to work with, our family's pool turned out great!""",,http://www.desmondpools.com
Hot Tub Maintenance service,Saylorsburg PA,Nana's Pool & Spa Care LLC,,"Nana's Pool & Spa Care LLC
Nana's Pool & Spa Care LLC
4.4(77)
Swimming pool supply store ·  · 1310B Blue Valley Dr
Closed · Opens 10 AM · (610) 365-8967

Website

Directions
 
""Brandon and Dustin are awesome technicians!""",,http://nanasoasis.com
Hot Tub Maintenance service,Lake Wallenpaupack PA,"AquaCare Pool and Spa Services, LLC",,"AquaCare Pool and Spa Services, LLC
AquaCare Pool and Spa Services, LLC
3.0(2)
Pool cleaning service
Open 24 hours · (272) 318-9058

Website

Directions",,http://www.aquacarepoolandspaservices.com
Hot Tub Maintenance service,Bushkill Falls PA,Northampton Pool and Patio,,"Northampton Pool and Patio
Northampton Pool and Patio
4.6(48)
Swimming pool supply store ·  · 2300 Wood Ave
Closed · Opens 8 AM · (610) 253-2120

Website

Directions
 
In-store shopping",,http://www.northamptonpoolandpatio.com
Hot Tub Maintenance service,Bushkill Falls PA,Integrity Pool & Spa Services,,"Integrity Pool & Spa Services
Integrity Pool & Spa Services
4.7(17)
Swimming pool contractor
(610) 923-6654

Directions
 
""They will be my first call for any service needed forevermore!""",,http://www.integritypoolspa.com
Hot Tub Maintenance service,Bushkill Falls PA,Dave's Pool & Pond Services,,"Dave's Pool & Pond Services
Dave's Pool & Pond Services
2.9(7)
Swimming pool contractor · 1121 Spruce St
(610) 330-0800

Directions",,http://www.superpages.com/easton-pa/bpp/daves-pool-pond-service-658205
Hot Tub Maintenance service,Shawnee on Delaware PA,Spa work Shawnee and Salon,,"Spa work Shawnee and Salon
Spa work Shawnee and Salon
4.3(58)
Day spa ·  · 100 Shawnee Inn Dr
Closed · Opens 9 AM · (570) 424-4000 ext. 1438

Website

Directions
 
""Such a wonderful, relaxing, and restorative experience!""",,http://www.shawneeinn.com/spa-poconos-pa
Hot Tub Maintenance service,Shawnee on Delaware PA,Hot Springs Hot Tub By Delaware Hot Tub CO,,"Hot Springs Hot Tub By Delaware Hot Tub CO
Hot Springs Hot Tub By Delaware Hot Tub CO
4.9(59)
Hot tub repair service · 16797 Coastal Hwy Unit 3
Temporarily closed · (302) 396-5064

Website

Directions
 
""The crew that delivered our hot tub was top shelf.""",,http://www.hottubde.com
Hot Tub Maintenance service,Camelback Resort Tannersville PA,Camelback Resort,,"Camelback Resort
Camelback Resort
4.3(11,871)
3-star hotel
Vibrant resort with an indoor water park
(855) 515-1283

Website

Directions
 

Pool

Free Wi-Fi

Air-conditioned

Breakfast
 
""Chair lifts are at pool and hot tub whirlpool""",,http://www.camelbackresort.com
Hot Tub Maintenance service,Camelback Resort Tannersville PA,"Mountain Springs Lake Resort | Private Lake, Lakefront Cabins & Pocono Getaways",,"Mountain Springs Lake Resort | Private Lake, Lakefront Cabins & Pocono Getaways
Mountain Springs Lake Resort | Private Lake, Lakefront Cabins & Pocono Getaways
4.7(518)
3-star hotel
Rustic cabins by a private lake
(570) 629-0251

Website

Directions
 

Free parking

Free Wi-Fi

Air-conditioned

Wi-Fi
 
""... bedrooms with clean bathrooms inside (2 of them had a hot tub).""",,http://www.mslresort.com
Hot Tub Maintenance service,Resica Falls PA,The Spa Guys,,"The Spa Guys
The Spa Guys
4.9(270)
Hot tub repair service · 802 Dorlan Mill Rd Ste 105
Open 24 hours · (267) 394-2600

Website

Directions
 
""They came out and fixed the hot tub right up.""
 

Book online",,http://spaguys.us
Hot Tub Maintenance service,Resica Falls PA,Bucks County Hot Tubs,,"Bucks County Hot Tubs
Bucks County Hot Tubs
4.7(77)
Hot tub store ·  · 8330 Easton Rd Bld. F
Closed · Opens 11 AM · (267) 987-7769

Website

Directions
 
""... rebuilds and repairs his carefully selected used hot tubs.""",,http://buckscountyhottubs.com
Hot Tub Maintenance service,Resica Falls PA,Hot Tub Tech LLC,,"Hot Tub Tech LLC
Hot Tub Tech LLC
5.0(29)
Repair service · 1297 S Ogontz St
Closed · Opens 8 AM · (717) 891-5310

Website

Directions
 
""Joe was amazing, knowledgeable and prompt at fixing our hot tub!""",,http://hottubtechllc.secureserversites.net
Hot Tub Maintenance service,Marshalls Creek PA,Fun in the Sun Pools and More,,"Fun in the Sun Pools and More
Fun in the Sun Pools and More
4.9(219)
Swimming pool contractor
Closed · Opens 9 AM Mon · (570) 242-0218

Website

Directions
 
""Quick and reliable hot tub service!!""",,http://funpoolsnj.com
Handyman and property repairs,Stroudsburg PA,Mido the handyman,,"Mido the handyman
Mido the handyman
5.0(192)
Handyman/Handywoman/Handyperson · 132 Davis Ct
Open 24 hours · (347) 813-2013

Directions
 
""Mido the handyman, reasonably priced, prompt, friendly, does excellent work.""",,http://www.chamberofcommerce.com/business-directory/pennsylvania/stroudsburg/handyman/2026897696-mido-the-handyman
Handyman and property repairs,Stroudsburg PA,The Stroudsburg Handyman,,"The Stroudsburg Handyman
The Stroudsburg Handyman
5.0(1)
Handyman/Handywoman/Handyperson · 2105 Wallace St
Open 24 hours · (570) 280-6724

Website

Directions
 
Online estimates",,http://thestroudsburghandyman.com
Handyman and property repairs,Stroudsburg PA,"JMJ Home Services, LLC",,"JMJ Home Services, LLC
JMJ Home Services, LLC
4.9(96)
Handyman/Handywoman/Handyperson
Closed · Opens 9 AM

Website

Directions
 
""Fair pricing, quality workmanship, and easy to communicate with.""",,http://www.jmjhomeservices.com
Handyman and property repairs,Stroudsburg PA,"C & S Handyman Services, LLC",,"C & S Handyman Services, LLC
C & S Handyman Services, LLC
5.0(1)
Handyman/Handywoman/Handyperson · 70 Main St
Open 24 hours

Directions
 
Onsite services
·
Online estimates",,http://www.bestprosintown.com/pa/delaware-water-gap/c-and-s-handyman-services-llc-/
Handyman and property repairs,Stroudsburg PA,The Poconos Handyman,,"The Poconos Handyman
The Poconos Handyman
5.0(9)
Handyman/Handywoman/Handyperson
Closed · Opens 9 AM · (570) 861-9761

Website

Directions
 
""He was professional, punctual, and did excellent work from start to finish.""",,http://thestroudsburghandyman.com
Handyman and property repairs,Stroudsburg PA,K & K Handyman Service,,"K & K Handyman Service
K & K Handyman Service
5.0(2)
Roofing contractor · 129 Ridgeway St
(570) 234-9983

Directions",,http://www.bizapedia.com/pa/k-k-handyman-service.html
Handyman and property repairs,East Stroudsburg PA,SK Handyman Services,,"SK Handyman Services
SK Handyman Services
4.2(9)
Handyman/Handywoman/Handyperson · 316 Del Sol Dr
Closed · Opens 7 AM · (201) 724-8672

Website

Directions
 
""I highly recommend Sabri and his handyman services.""",,http://skhandyman.com
Handyman and property repairs,East Stroudsburg PA,Odds & N's Handyman Services llc,,"Odds & N's Handyman Services llc
Odds & N's Handyman Services llc
5.0(1)
Handyman/Handywoman/Handyperson · 2354 Snapdragon Point
Closed · Opens 9 AM Mon · (267) 225-8402

Directions
 
""Top notch workmanship and timely response.""",,http://localitybiz.com/28513834/odds-&-n's-handyman-services-llc-east-stroudsburg
Handyman and property repairs,Mount Pocono PA,Jamie Marin Pocono Handyman,,"Jamie Marin Pocono Handyman
Jamie Marin Pocono Handyman
4.5(20)
Handyman/Handywoman/Handyperson · 44 Cobblewood Dr
Open 24 hours · (570) 242-9334

Directions
 
""He does quality work and does his best to work within your schedule.""",,http://www.findglocal.com/US/Mount-Pocono/121095068228471/Jamie-Marin-Pocono-Handyman
Handyman and property repairs,Mount Pocono PA,Pocono Property Experts LLC,,"Pocono Property Experts LLC
Pocono Property Experts LLC
5.0(4)
Handyman/Handywoman/Handyperson
Open 24 hours · (570) 856-7838

Website

Directions
 
Online estimates",,http://local.yahoo.com/info-240498943-pocono-property-experts-pocono-twp/
Handyman and property repairs,Mount Pocono PA,Northeast Services PA,,"Northeast Services PA
Northeast Services PA
4.4(53)
Machine repair service · 197 Devils Hole Rd
Open 24 hours · (570) 436-4701

Website

Directions
 
Onsite services",,http://mountpocono-pa.gov
Handyman and property repairs,Jim Thorpe PA,Josh's Handyman Services,,"Josh's Handyman Services
Josh's Handyman Services
5.0(3)
Handyman/Handywoman/Handyperson · 245 West Side Rd

Directions
 
""Call to have a facet replace an he does a fantastic job""",,http://joshshandyman.com
Handyman and property repairs,Jim Thorpe PA,Go Getters Handyman Service LLC,,"Go Getters Handyman Service LLC
Go Getters Handyman Service LLC
4.7(13)
Handyman/Handywoman/Handyperson
Closed · Opens 12 AM Mon · (484) 464-5353

Website

Directions
 
""It looks absolutely beautiful and they finished in 2 days!""",,http://www.gogettershandymanservices.com/book-online
Handyman and property repairs,Jim Thorpe PA,FCJ Services,,"FCJ Services
FCJ Services
No reviews
Handyman/Handywoman/Handyperson
Open 24 hours · (484) 695-5147

Directions",,http://jtborough.org
Handyman and property repairs,Jim Thorpe PA,Pocono HandyMan,,"Pocono HandyMan
Pocono HandyMan
5.0(1)
Contractor · 3904 Lookout Dr
(570) 350-1817

Website

Directions",,http://www.poconohandyman.com
Handyman and property repairs,Jim Thorpe PA,Steigerwalt Joshua,,"Steigerwalt Joshua
Steigerwalt Joshua
No reviews
Handyman/Handywoman/Handyperson
(610) 377-4565

Directions",,http://allpeople.com/joshua+steigerwalt_joshs-handyman-services_3T-us
Handyman and property repairs,Milford PA,Mr Fix It Handyman Services,,"Mr Fix It Handyman Services
Mr Fix It Handyman Services
5.0(2)
Handyman/Handywoman/Handyperson · Bloomgarden Building, 104 E Catharine St
(570) 296-6122

Directions",,http://www.mrfixithandymanservice.com
Handyman and property repairs,Milford PA,Precision Home Improvement Services,,"Precision Home Improvement Services
Precision Home Improvement Services
5.0(27)
General contractor
Open 24 hours · (570) 559-4399

Website

Directions
 
""Rob always does a great job at a fair price!""",,http://www.precisionhomepa.com
Handyman and property repairs,Milford PA,Bob's Handyman's Services,,"Bob's Handyman's Services
Bob's Handyman's Services
No reviews
Handyman/Handywoman/Handyperson · 113 Deep Brook Rd
(570) 409-1722

Directions",,http://www.chamberofcommerce.com/business-directory/pennsylvania/milford/handyman/26721071-bob-s-handyman-s-services
Handyman and property repairs,Milford PA,A PRO Handyman,,"A PRO Handyman
A PRO Handyman
5.0(13)
Contractor · 3606 Nicholas St
Closed · Opens 8 AM Mon · (484) 895-7022

Website

Directions
 
""He repaired a small masonry issue on my office building.""",,http://aprohandyman.com
Handyman and property repairs,Milford PA,PB Property Care,,"PB Property Care
PB Property Care
5.0(5)
Handyman/Handywoman/Handyperson
Closed · Opens 8 AM · (570) 775-3470

Website

Directions
 
""Reasonable pricing, shows up on time and goes the extra mile.""",,http://www.pbpropertycare.com
Handyman and property repairs,Milford PA,Sprouse’s Handyman Services,,"Sprouse’s Handyman Services
Sprouse’s Handyman Services
4.0(4)
Handyman/Handywoman/Handyperson
Open 24 hours · (908) 644-4522

Directions
 
Online estimates",,http://sprouseshandyman.com/services
Handyman and property repairs,Hawley PA,Lake Region Handyman and Home Repair,,"Lake Region Handyman and Home Repair
Lake Region Handyman and Home Repair
5.0(9)
Handyman/Handywoman/Handyperson
Open 24 hours · (570) 445-1208

Website

Directions
 
""He is prompt, reasonably priced and does good work.""",,http://www.lakeregionhandymanandhomerepair.com
Handyman and property repairs,Hawley PA,Billy Fix-It-All Handyman,,"Billy Fix-It-All Handyman
Billy Fix-It-All Handyman
4.9(175)
Handyman/Handywoman/Handyperson
Closed · Opens 9 AM Mon · (570) 229-8991

Website

Directions
 
""Billy Fix-It-All did a great job with the repairs needed in my home.""
 

Book online",,http://www.billyfixitall.com/handyman-repairs
Handyman and property repairs,Hawley PA,Bluestone Home & Property Maintenance LLC,,"Bluestone Home & Property Maintenance LLC
Bluestone Home & Property Maintenance LLC
5.0(1)
Handyman/Handywoman/Handyperson
Closed · Opens 8 AM Mon

Directions",,http://www.bizapedia.com/pa/bluestone-home-and-property-maintenance-llc.html
Handyman and property repairs,Hawley PA,Fixx Me Now,,"Fixx Me Now
Fixx Me Now
4.9(71)
Handyman/Handywoman/Handyperson · 616 Hamlin Hwy
Closed · Opens 9 AM Mon · (570) 630-5995

Website

Directions
 
Onsite services
·
Online estimates
 

Book online",,http://www.fixxmenow.com
Handyman and property repairs,Hawley PA,"Mr. Handyman of Easton, Bethlehem, Nazareth & Allentown",,"Mr. Handyman of Easton, Bethlehem, Nazareth & Allentown
Mr. Handyman of Easton, Bethlehem, Nazareth & Allentown
4.8(804)
Handyman/Handywoman/Handyperson ·  · 2484 Birch St
Open 24 hours · (610) 463-1667

Website

Directions
 
""Called mr.handyman and no problem they were willing to do work.""
 

Book online",,http://www.mrhandyman.com/easton-e-bethlehem-nazareth/
Handyman and property repairs,Hawley PA,Rapid Repair Handyman Services,,"Rapid Repair Handyman Services
Rapid Repair Handyman Services
5.0(5)
Handyman/Handywoman/Handyperson · 331 N Main St
Open 24 hours · (570) 955-9191

Website

Directions
 
""Would recommend for anyone looking for any handyman services.""",,http://rapidrepairguys.com
Handyman and property repairs,Lehighton PA,All Fresh Handyman & Cleaning Services,,"All Fresh Handyman & Cleaning Services
All Fresh Handyman & Cleaning Services
5.0(9)
Handyman/Handywoman/Handyperson
Open 24 hours

Website

Directions
 
Online estimates",,http://www.all-fresh-handyman-and-cleaning-services.com
Handyman and property repairs,Lehighton PA,Brothers Property Maintenance and Renovations LLC,,"Brothers Property Maintenance and Renovations LLC
Brothers Property Maintenance and Renovations LLC
No reviews
Remodeler · 146 Oak Dr
Open 24 hours · (610) 526-8112

Website

Directions",,http://local.yahoo.com/info-238048481-brothers-property-maintenance-and-renovations-lehighton/
Handyman and property repairs,Lehighton PA,The Service Team,,"The Service Team
The Service Team
4.5(24)
Roofing contractor ·  · 6565 Interchange Rd
Closed · Opens 9 AM · (610) 377-8450

Website

Directions
 
Onsite services",,http://www.chamberofcommerce.com/business-directory/pennsylvania/lehighton/roofing-contractor/2004955121-the-service-team
Handyman and property repairs,Honesdale PA,Chris Hernandez Pro Handyman LLC,,"Chris Hernandez Pro Handyman LLC
Chris Hernandez Pro Handyman LLC
2.3(3)
Handyman/Handywoman/Handyperson · 5 Avery Ln
(570) 616-2672

Directions",,http://www.chamberofcommerce.com/business-directory/pennsylvania/honesdale/roofing-contractor/2011483374-chris-hernandez-pro-handyman-llc
Handyman and property repairs,Honesdale PA,Burns Handyman Services LLC,,"Burns Handyman Services LLC
Burns Handyman Services LLC
5.0(3)
Handyman/Handywoman/Handyperson
(570) 903-1216

Directions",,http://www.chamberofcommerce.com/united-states/pennsylvania/honesdale/handyman/26724734-burns-handyman-services-llc
Handyman and property repairs,Honesdale PA,Tool Times Pro,,"Tool Times Pro
Tool Times Pro
5.0(10)
Handyman/Handywoman/Handyperson
Closed · Opens 8 AM Mon · (570) 503-6262

Website

Directions
 
""... recommend for anyone needing field or property maintenance!""",,http://www.tooltimespro.com/book-online
Handyman and property repairs,Honesdale PA,Summit Handyman,,"Summit Handyman
Summit Handyman
5.0(13)
Handyman/Handywoman/Handyperson
Closed · Opens 8:30 AM Mon · (570) 575-9462

Website

Directions
 
Online estimates",,http://summithandymanpa.com/about/
Handyman and property repairs,Blakeslee PA,F & G Handyman Specialist,,"F & G Handyman Specialist
F & G Handyman Specialist
4.5(2)
Handyman/Handywoman/Handyperson · 479 Mountain Rd
(570) 643-1292

Directions",,http://www.homeyou.com/f-g-handyman-specialist-albrightsville-pa
Handyman and property repairs,Blakeslee PA,"Blakeslee Home Improvement, Inc.",,"Blakeslee Home Improvement, Inc.
Blakeslee Home Improvement, Inc.
3.3(16)
Carpenter · 373 PA-940 Box 1020
Closed · Opens 7:30 AM Mon · (570) 646-8498

Directions
 
""Blakeslee Home Improvement has always done wonderful work.""",,http://blakesleeinc.com
Handyman and property repairs,Lake Ariel PA,A To Z Home Maintenance,,"A To Z Home Maintenance
A To Z Home Maintenance
1.0(1)
Handyman/Handywoman/Handyperson · 1186 Hamlin Hwy
(570) 698-7759

Directions",,http://www.allbiz.com/business/a-to-z-home-maintenance_14D-570-698-7759
Handyman and property repairs,Lake Ariel PA,Your Helpful Handyman,,"Your Helpful Handyman
Your Helpful Handyman
No reviews
Handyman/Handywoman/Handyperson · 1010 Deerfield Ct
Closed · Opens 7 AM Mon · (203) 460-1621

Directions",,http://yourhelpfulhandyman.com
Handyman and property repairs,Lake Ariel PA,Jeff’s Mobile Mechanic and Handyman Services,,"Jeff’s Mobile Mechanic and Handyman Services
Jeff’s Mobile Mechanic and Handyman Services
5.0(6)
Handyman/Handywoman/Handyperson · 136 West St
Closed · Opens 8 AM Mon · (570) 845-4227

Directions
 
""he always finds practical, cost-effective solutions without cutting corners.""",,http://www.findglocal.com/US/Archbald/1072980295890201/Jeff's-Mobile-Mechanic-And-Handyman-Services
Handyman and property repairs,Saylorsburg PA,Done Right Handyman Services,,"Done Right Handyman Services
Done Right Handyman Services
4.8(10)
Handyman/Handywoman/Handyperson · 305 Roseto Ave Unit 175
Open 24 hours · (800) 568-8070

Website

Directions
 
Onsite services
·
Online estimates",,http://www.donerightchoice.com
Handyman and property repairs,Saylorsburg PA,"G&J Handy Services, Construction LLC",,"G&J Handy Services, Construction LLC
G&J Handy Services, Construction LLC
5.0(13)
Construction company
Closed · Opens 6 AM Mon · (570) 990-9299

Website

Directions
 
""The quality of work was solid and everything was completed as promised.""",,http://gandjhandyservices.com/contact/
Handyman and property repairs,Tannersville PA,Lh Home Services,,"Lh Home Services
Lh Home Services
5.0(6)
Handyman/Handywoman/Handyperson ·  · 2851 Jackson Rd
Closed · Opens 9 AM · (570) 269-7096

Directions
 
Onsite services
·
Online estimates",,http://lhhomeservice.com/services/
Handyman and property repairs,Lake Wallenpaupack PA,Jeff of all Trades LLC,,"Jeff of all Trades LLC
Jeff of all Trades LLC
5.0(4)
Handyman/Handywoman/Handyperson · 175 Marina Wy
Closed · Opens 9 AM Mon · (570) 604-3500

Website

Directions
 
""He is trustworthy and his rates are fair.""",,http://www.handyman570.com
Handyman and property repairs,Lake Harmony PA,The Creative Handyman co.,,"The Creative Handyman co.
The Creative Handyman co.
5.0(5)
Handyman/Handywoman/Handyperson
Open 24 hours · (272) 271-7190

Website

Directions
 
""On time and more than reasonable pricing.""",,http://www.thecreativehandymanco.com/handyman-lake-harmony
Handyman and property repairs,Arrowhead Lake Albrightsville PA,Jon's Contracting & Property Services LLC,,"Jon's Contracting & Property Services LLC
Jon's Contracting & Property Services LLC
5.0(19)
Pressure washing service
Closed · Opens 7 AM · (570) 470-5013

Website

Directions
 
Online estimates",,http://www.bizapedia.com/pa/jons-contracting-and-property-services-llc.html
Handyman and property repairs,Bushkill Falls PA,"Next Level Handyman, LLC",,"Next Level Handyman, LLC
Next Level Handyman, LLC
5.0(8)
Handyman/Handywoman/Handyperson
Closed · Opens 8 AM Mon · (610) 393-7020

Website

Directions
 
""He is knowledgeable in all home improvements.""",,http://www.nxtlvlhandyman.com
Handyman and property repairs,Bushkill Falls PA,Valley repair and lawn service,,"Valley repair and lawn service
Valley repair and lawn service
5.0(16)
Handyman/Handywoman/Handyperson
Closed · Opens 8 AM · (610) 849-3379

Directions
 
""He was efficient, detail oriented, and fairly priced.""",,http://nextdoor.com/pages/valley-repair-lawn-service-bethlehem-pa/
Handyman and property repairs,Bushkill Falls PA,TruBlue of Easton,,"TruBlue of Easton
TruBlue of Easton
4.8(71)
Handyman/Handywoman/Handyperson
Closed · Opens 8 AM Mon · (484) 207-0060

Website

Directions
 
""He completed the work in a short time and it came out perfect.""",,http://www.trublueally.com/easton
Handyman and property repairs,Shawnee on Delaware PA,Deluxe Handyman Services,,"Deluxe Handyman Services
Deluxe Handyman Services
No reviews
Handyman/Handywoman/Handyperson · 606 Sugar Works Dr
Closed · Opens 8 AM · (570) 424-0584

Website

Directions",,http://handymandeluxeservices.com/home
Handyman and property repairs,Shawnee on Delaware PA,Mr. Handyman,,"Mr. Handyman
Mr. Handyman
4.4(9)
Handyman/Handywoman/Handyperson · 316 Del Sol Dr
(201) 724-8672

Website

Directions",,http://www.mrhandyman.com
Handyman and property repairs,Shawnee on Delaware PA,MISSION HANDYMAN LLC,,"MISSION HANDYMAN LLC
MISSION HANDYMAN LLC
5.0(53)
Handyman/Handywoman/Handyperson
Closed · Opens 8 AM Mon · (484) 505-0710

Website

Directions
 
""Justin did a great job on several repairs at our house.""
 

Book online",,http://www.missionhandymanco.com/quote
Handyman and property repairs,Camelback Resort Tannersville PA,Bornemann's Handyman Services,,"Bornemann's Handyman Services
Bornemann's Handyman Services
5.0(4)
Handyman/Handywoman/Handyperson
Closed · Opens 7 AM Mon · (570) 629-3402

Directions",,http://www.manta.com/c/mb8c1c1/bornemann-s-handyman-service
Handyman and property repairs,Camelback Resort Tannersville PA,HomeTown Pros LLC,,"HomeTown Pros LLC
HomeTown Pros LLC
5.0(31)
Handyman/Handywoman/Handyperson · 401 N 5th St
Open 24 hours · (484) 800-6078

Website

Directions
 
""They fixed everything quickly and the quality of their work was outstanding.""
 

Book online",,http://www.camelbackresort.com/about
Handyman and property repairs,Blue Mountain Ski Area Palmerton PA,Sargent and Sons Improvements-Masonry Contractor,,"Sargent and Sons Improvements-Masonry Contractor
Sargent and Sons Improvements-Masonry Contractor
4.6(18)
Masonry contractor · 111 Stone Ln
Closed · Opens 6:30 AM Mon · (570) 730-7196

Website

Directions
 
""Sargent and Sons did an incredible job on my property repair.""",,http://ssstoneworks.com
Handyman and property repairs,Blue Mountain Ski Area Palmerton PA,C&N Handyman Service LLC,,"C&N Handyman Service LLC
C&N Handyman Service LLC
5.0(1)
Handyman/Handywoman/Handyperson
Closed · Opens 8 AM Mon · (732) 567-6000

Directions",,http://www.shopskibluemt.com/contactus
Handyman and property repairs,Resica Falls PA,Legacy The HandyMan,,"Legacy The HandyMan
Legacy The HandyMan
4.9(50)
Handyman/Handywoman/Handyperson
Closed · Opens 7 AM · (570) 202-6627

Website

Directions
 
Online estimates",,http://legacythehandyman.com
Handyman and property repairs,Resica Falls PA,Hometown Heroes Handyman and Junk Removal,,"Hometown Heroes Handyman and Junk Removal
Hometown Heroes Handyman and Junk Removal
5.0(3)
Handyman/Handywoman/Handyperson
Open 24 hours · (570) 460-0516

Directions
 
""Great handyman service—prompt, professional, and easy to communicate with.""",,http://hometownhandymanservicesllc.com
Handyman and property repairs,Marshalls Creek PA,A-Mex & Handyman Team LLC,,"A-Mex & Handyman Team LLC
A-Mex & Handyman Team LLC
5.0(1)
Handyman/Handywoman/Handyperson · 418 Marshalls Creek Rd
Closed · Opens 8 AM Mon · (570) 977-2212

Directions",,http://www.bizapedia.com/pa/a-mex-and-handyman-team-llc.html
Handyman and property repairs,Saw Creek Estates Bushkill PA,Justin's Handyman Service,,"Justin's Handyman Service
Justin's Handyman Service
No reviews
Handyman/Handywoman/Handyperson · 4320 Pne Rdg Dr
Closed · Opens 8 AM Mon

Website

Directions",,http://justinhandyman.com
Handyman and property repairs,Saw Creek Estates Bushkill PA,EJ's Premier Services,,"EJ's Premier Services
EJ's Premier Services
5.0(1)
Property maintenance
Open 24 hours · (570) 656-1302

Website

Directions",,http://sawcreek.org
Handyman and property repairs,Tanglwood Lakes Greentown PA,Manton Home Services,,"Manton Home Services
Manton Home Services
5.0(9)
Handyman/Handywoman/Handyperson
Closed · Opens 12 PM · (445) 223-0117

Website

Directions
 
""I emailed him my inspection report and he fixed every issue I wanted fixed.""",,http://mantonhomeservices.com
Handyman and property repairs,Hemlock Farms Hawley PA,Affordable Art's Handyman Services,,"Affordable Art's Handyman Services
Affordable Art's Handyman Services
5.0(7)
Handyman/Handywoman/Handyperson
Closed · Opens 4:30 AM · (570) 460-6922

Directions
 
""He’s reliable, knowledgeable, and his prices are great too.""",,http://local.yahoo.com/info-241343341-affordable-arts-handymans-services-hawley/
Handyman and property repairs,Hemlock Farms Hawley PA,"ALC Property Maintenance, LLC",,"ALC Property Maintenance, LLC
ALC Property Maintenance, LLC
3.7(3)
Handyman/Handywoman/Handyperson
Closed · Opens 7 AM Mon · (845) 806-6222

Directions",,http://truckingdatabase.com/companies/dot/2881647
Handyman and property repairs,Hemlock Farms Hawley PA,Area Maintenance,,"Area Maintenance
Area Maintenance
5.0(1)
Electrician
Closed · Opens 9 AM Mon · (570) 229-0105

Website

Directions",,http://www.hemlockfarms.org/public-works
Handyman and property repairs,Hideout Lake Ariel PA,T Squared Handyman LLC.,,"T Squared Handyman LLC.
T Squared Handyman LLC.
No reviews
Handyman/Handywoman/Handyperson
Closed · Opens 8 AM Mon · (570) 251-5049

Website

Directions",,http://nextdoor.com/pages/t-squared-handyman-llc-lake-ariel-pa/
Handyman and property repairs,Hideout Lake Ariel PA,Handyman Business Solutions,,"Handyman Business Solutions
Handyman Business Solutions
No reviews
Web hosting company · 135 Boulder Rd
Closed · Opens 9 AM Mon · (407) 625-9266

Website

Directions
 
Online appointments",,http://www.handymanbusinesssolutions.com
Handyman and property repairs,Hideout Lake Ariel PA,Handy Manny / Manny Exclusives,,"Handy Manny / Manny Exclusives
Handy Manny / Manny Exclusives
4.2(5)
Handyman/Handywoman/Handyperson
Closed · Opens 6:30 AM Mon · (570) 814-8740

Directions
 
""Handy Manny is now our go-to choice in the Poconos area.""",,http://www.hideoutassoc.com
HVAC and plumbing emergency service,Stroudsburg PA,"Pocono Electrical Services, LLC",,"Pocono Electrical Services, LLC
Sponsored

Pocono Electrical Services, LLC
4.6(37)
Electrician · 112 Scarlet Oak Drive
Closed · Opens 8 AM Mon · (570) 534-2247

Website

Directions
 
 
Over 20 Years of Experience
We Offer Electrical Outlet & Switch Relocation Services.
Visit Site",,http://www.poconoelectricalservices.com
HVAC and plumbing emergency service,Stroudsburg PA,"r.j. Groner Inc. Heating, Cooling & Plumbing",,"r.j. Groner Inc. Heating, Cooling & Plumbing
r.j. Groner Inc. Heating, Cooling & Plumbing
4.8(1,511)
Air conditioning contractor ·  · 1 Katz Rd
Open 24 hours · (570) 775-2841

Website

Directions
 
Onsite services
·
Online estimates
 

Book online",,http://rjgroner.com
HVAC and plumbing emergency service,Stroudsburg PA,Northeast Plumbing Service,,"Northeast Plumbing Service
Northeast Plumbing Service
5.0(193)
Plumber · 556 Main St
Open 24 hours · (610) 551-4704

Website

Directions
 
""... fast and worked around our schedule and our emergency call.""",,http://hvacservice.io/pa/stroudsburg/northeast-plumbing-service
HVAC and plumbing emergency service,Stroudsburg PA,ETG Plumbing & Heating,,"ETG Plumbing & Heating
ETG Plumbing & Heating
4.8(147)
Plumber ·  · 205 N Courtland St
Closed · Opens 8 AM Mon · (570) 800-3214

Website

Directions
 
""In doing so they saved me thousands in unnecessary repair cost.""",,http://www.etgplumbing.com
HVAC and plumbing emergency service,Stroudsburg PA,Nauman Inc.,,"Nauman Inc.
Nauman Inc.
4.9(1,455)
Furnace repair service ·  · 20 Lenox Ave
Open 24 hours · (570) 989-9849

Website

Directions
 
""Highly recommended, they do all my plumbing and HVAC work.""
 

Book online",,http://www.naumaninc.com/hvac
HVAC and plumbing emergency service,Stroudsburg PA,KMB PLUMBING AND ELECTRICAL,,"KMB PLUMBING AND ELECTRICAL
KMB PLUMBING AND ELECTRICAL
4.2(207)
Plumber · 223 Truss Rd
Open 24 hours · (570) 460-0111

Website

Directions
 
""Great company great workers had an emergency guys were out within two hours.""",,http://www.kmbplumbing.com
HVAC and plumbing emergency service,East Stroudsburg PA,Toms Plumbing HVAC,,"Toms Plumbing HVAC
Toms Plumbing HVAC
3.9(36)
HVAC contractor · 524 Cranberry Rd
Open 24 hours · (570) 656-3200

Directions
 
""Pricing is fair and my issues were fixed quickly!""",,http://hvacservice.io/pa/east-stroudsburg/toms-plumbing-hvac
HVAC and plumbing emergency service,East Stroudsburg PA,A1 HVAC & Plumbing,,"A1 HVAC & Plumbing
A1 HVAC & Plumbing
4.8(101)
HVAC contractor
Open 24 hours · (610) 333-5722

Website

Directions
 
""We had a broken AC and they came the next morning and gave a fair price.""",,http://a1hvacandplumbing.net
HVAC and plumbing emergency service,Mount Pocono PA,"ULTIMATE Plumbing, Heating, and Air Conditioning LLC",,"ULTIMATE Plumbing, Heating, and Air Conditioning LLC
ULTIMATE Plumbing, Heating, and Air Conditioning LLC
4.5(200)
HVAC contractor
Open 24 hours · (570) 580-5861

Website

Directions
 
""Made the emergency call and the technician came promptly.""",,http://www.ultimateplumbingheatingair.com/mount-pocono-pa/
HVAC and plumbing emergency service,Mount Pocono PA,Pocono Mountain Plumbing & Heating,,"Pocono Mountain Plumbing & Heating
Pocono Mountain Plumbing & Heating
4.9(49)
Plumber · 1 Meadow Ln
(570) 839-0205

Directions
 
""I called Pocono Mountain Plumbing and Heating and Bob came out quickly.""",,http://www.home8.org/PA/Swiftwater/Pocono-Mountain-Plumbing-Heating-Swiftwater/
HVAC and plumbing emergency service,Mount Pocono PA,MJF Plumbing & Heating LLC,,"MJF Plumbing & Heating LLC
MJF Plumbing & Heating LLC
4.8(96)
Plumber
Open 24 hours · (570) 580-8700

Website

Directions
 
""Helped me immensely with an after-hours emergency!""",,http://www.mjfplumbing.com
HVAC and plumbing emergency service,Mount Pocono PA,Pocono Service Pro's Plumbing Heating Electrical.,,"Pocono Service Pro's Plumbing Heating Electrical.
Pocono Service Pro's Plumbing Heating Electrical.
4.9(139)
Plumber · 256 Schlittler Rd
Open 24 hours · (570) 335-0915

Website

Directions
 
""Extremely fast service on a Saturday emergency call.""",,http://www.poconoservicepro.com
HVAC and plumbing emergency service,Mount Pocono PA,"Keiper Plumbing, Heating & Air Conditioning",,"Keiper Plumbing, Heating & Air Conditioning
Keiper Plumbing, Heating & Air Conditioning
4.9(150)
Plumber · 5204 PA-115
Open · Closes 12 AM · (570) 646-3222

Website

Directions
 
""Had an emergency on an holiday weekend and they came within an hour.""",,http://keiperplumbing.com
HVAC and plumbing emergency service,Jim Thorpe PA,E F Laudenslager Inc.,,"E F Laudenslager Inc.
Sponsored

E F Laudenslager Inc.
4.9(349)
HVAC contractor · 3545 Pennsylvania 309
Closed · Opens 8 AM Mon · (610) 395-1582

Website

Directions
 
 
Same-Day Plumbing Repairs
Need plumbing help? Call for quick, reliable service from experienced local pros.
Visit Site",,http://eflaud.com
HVAC and plumbing emergency service,Jim Thorpe PA,"Andreas Plumbing, Heating & Air Conditioning",,"Andreas Plumbing, Heating & Air Conditioning
Andreas Plumbing, Heating & Air Conditioning
4.8(2,100)
HVAC contractor ·  · 208 Memorial Drive
Open 24 hours · (610) 900-4083

Website

Directions
 
""I will be using this company in the future for my plumbing and HVAC needs.""",,http://andreasplumbing.com/service-area/jim-thorpe/
HVAC and plumbing emergency service,Jim Thorpe PA,"Shawn Kresge Services, Inc.",,"Shawn Kresge Services, Inc.
Shawn Kresge Services, Inc.
4.8(216)
HVAC contractor ·  · 908 North St
Closed · Opens 8 AM Mon · (570) 325-2773

Website

Directions
 
""Anytime I have an emergency no matter when it is they come quickly.""",,http://www.kresgeservices.com/?amp;utm_medium=organic&amp;utm_campaign=google_my_business&amp;utm_content=website_button
HVAC and plumbing emergency service,Jim Thorpe PA,Home Comfort Solutions,,"Home Comfort Solutions
Home Comfort Solutions
4.9(252)
HVAC contractor · 325 Cypress St
Open 24 hours · (484) 464-3681

Website

Directions
 
Onsite services
 

Book online",,http://www.homecomfortsolutionsllc.com/service-areas/plumbing-jim-thorpe
HVAC and plumbing emergency service,Jim Thorpe PA,Safeway Heating LLC,,"Safeway Heating LLC
Safeway Heating LLC
4.6(98)
HVAC contractor
Open 24 hours · (570) 534-5289

Website

Directions
 
""I contacted them about it and the next week it was fixed.""",,http://www.chamberofcommerce.com/business-directory/pennsylvania/summit-hill/hvac-contractor/2012617155-safeway-heating-llc
HVAC and plumbing emergency service,Jim Thorpe PA,AOK Heating Air Conditioning Electrical,,"AOK Heating Air Conditioning Electrical
AOK Heating Air Conditioning Electrical
4.9(78)
HVAC contractor · 104 E Penn St
Open 24 hours · (610) 780-7363

Website

Directions
 
Onsite services",,http://aokqualityservice.com/hvac-electrician-jim-thorpe/
HVAC and plumbing emergency service,Milford PA,Clear Choice Plumbing Inc.,,"Clear Choice Plumbing Inc.
Clear Choice Plumbing Inc.
4.9(262)
Plumber
Open 24 hours · (570) 223-3181

Website

Directions
 
""Tom and his team were so helpful when we had an emergency situation.""",,http://www.clearchoiceplumbinginc.com
HVAC and plumbing emergency service,Milford PA,John McCaslin Plumbing & Heating,,"John McCaslin Plumbing & Heating
John McCaslin Plumbing & Heating
4.9(27)
Plumber
Open · Closes 12 AM · (570) 686-3151

Website

Directions
 
""VERY responsive (he has saved my house twice from emergency situations).""",,http://www.johnmccaslinplumbingpa.com
HVAC and plumbing emergency service,Milford PA,Phoenix Plumbing LLC,,"Phoenix Plumbing LLC
Phoenix Plumbing LLC
5.0(21)
Plumber
Closed · Opens 8 AM Mon · (570) 296-2604

Website

Directions
 
""Service technician was prompt and very courteous and informative.""",,http://www.phoenixplumbingllc.com
HVAC and plumbing emergency service,Milford PA,Cold Breeze LLC,,"Cold Breeze LLC
Cold Breeze LLC
5.0(67)
HVAC contractor
Open 24 hours · (570) 618-3776

Website

Directions
 
""Matt was quick to respond and completed the repair in under an hour.""",,http://coldbreezellc.com
HVAC and plumbing emergency service,Milford PA,Elvis Electric Heating Cooling and Plumbing LLC,,"Elvis Electric Heating Cooling and Plumbing LLC
Elvis Electric Heating Cooling and Plumbing LLC
4.9(151)
HVAC contractor · 3142 William Penn Hwy
Open 24 hours · (484) 922-8588

Website

Directions
 
""Friendly and respectful team came found the problem and fixed issue quickly.""
 

Book online",,http://elvisehcp.com/about-us/
HVAC and plumbing emergency service,Hawley PA,HVAC Steve LLC,,"HVAC Steve LLC
HVAC Steve LLC
4.8(31)
HVAC contractor · Owego Turnpike
Open 24 hours · (570) 390-8783

Website

Directions
 
""He provides us with quick service and fair prices!""",,http://www.hvacstevellc.com
HVAC and plumbing emergency service,Hawley PA,"Paupack Plumbing, Heating, AC & Electric",,"Paupack Plumbing, Heating, AC & Electric
Paupack Plumbing, Heating, AC & Electric
4.6(19)
HVAC contractor · 805 Church St
Closed · Opens 7 AM Mon · (570) 226-1776

Website

Directions
 
""Paupack Plumbing and HVAC and Ryan/team were absolutely excellent.""",,http://www.strongenterprises.org
HVAC and plumbing emergency service,Hawley PA,"Reid Plumbing, Heating and Air Conditioning",,"Reid Plumbing, Heating and Air Conditioning
Reid Plumbing, Heating and Air Conditioning
4.5(8)
HVAC contractor
Closed · Opens 8 AM Mon · (570) 576-7862

Directions
 
""Shawn and his crew were amazing.""",,http://www.buildzoom.com/contractor/reid-hvac-llc
HVAC and plumbing emergency service,Hawley PA,Remarkable Plumbing and Heating,,"Remarkable Plumbing and Heating
Remarkable Plumbing and Heating
4.9(148)
Plumber
Closed · Opens 8 AM Mon · (570) 203-2540

Website

Directions
 
""... assessed my problem, gave an estimate, and made a timely repair.""",,http://www.remarkableplumbingandheating.com
HVAC and plumbing emergency service,Hawley PA,B. Lee Oil Burner Service,,"B. Lee Oil Burner Service
B. Lee Oil Burner Service
4.5(24)
Heating contractor · 213 Cromwell St
Closed · Opens 7 AM Mon · (855) 253-3627

Website

Directions
 
""Took the time to get here same day to look at our furnace.""",,http://bleeobs.com
HVAC and plumbing emergency service,Tobyhanna PA,F.A.C plumbing & heating,,"F.A.C plumbing & heating
F.A.C plumbing & heating
5.0(90)
Plumber
Open 24 hours · (570) 656-5109

Website

Directions
 
""Frank and his team are now my go to for any plumbing and HVAC needs!""",,http://fbplumbingandheating.com
HVAC and plumbing emergency service,Lehighton PA,R.F. Ohl,,"R.F. Ohl
R.F. Ohl
4.7(602)
HVAC contractor · 160 S 2nd St
Open 24 hours · (610) 377-1098

Website

Directions
 
Onsite services",,http://www.rfohl.com
HVAC and plumbing emergency service,Honesdale PA,Electric and Plumbing Services LLC,,"Electric and Plumbing Services LLC
Electric and Plumbing Services LLC
4.5(90)
Plumber · 707 Church St
Open 24 hours · (570) 230-4880

Website

Directions
 
Onsite services
·
Online estimates",,http://www.findglocal.com/US/Honesdale/2526747484241607/Electric-and-Plumbing-Services-LLC
HVAC and plumbing emergency service,Honesdale PA,L H Reed & Sons Inc,,"L H Reed & Sons Inc
L H Reed & Sons Inc
4.8(16)
Plumber · 564 Bethany Turnpike
Closed · Opens 7 AM Mon · (570) 253-0689

Website

Directions
 
""Answered all our plumbing questions!""",,http://lhreedandsonsinc.com
HVAC and plumbing emergency service,Honesdale PA,Duffy Plumbing & Heating,,"Duffy Plumbing & Heating
Duffy Plumbing & Heating
4.8(68)
Plumber · 1903 Roosevelt Hwy
Closed · Opens 7 AM Mon · (570) 470-5522

Directions
 
""They were able to fix the pipes the same day.""",,http://www.findglocal.com/US/Honesdale/691933877502918/Duffy-Plumbing-&-Heating
HVAC and plumbing emergency service,Honesdale PA,Michael Console Heating & Plumbing,,"Michael Console Heating & Plumbing
Michael Console Heating & Plumbing
3.7(9)
Heating contractor · 149 Haines School Rd
(570) 253-4514

Directions
 
""Mike figured it all out and had it all fixed and put back in, in no time.""",,http://www.consoleheatingplumbing.com
HVAC and plumbing emergency service,Honesdale PA,Donald Hiller Plumbing & Heating,,"Donald Hiller Plumbing & Heating
Donald Hiller Plumbing & Heating
3.7(14)
Heating contractor · 252 Prompton Rd
(570) 253-2485

Website

Directions
 
""I will definitely call them again if I have any issues.""",,http://hillerplumbingheating.net
HVAC and plumbing emergency service,Blakeslee PA,Mr Breeze HVAC Hot Water and Plumbing Service,,"Mr Breeze HVAC Hot Water and Plumbing Service
Mr Breeze HVAC Hot Water and Plumbing Service
4.8(21)
HVAC contractor · 116 Crescent Way
Open 24 hours · (570) 213-6908

Website

Directions
 
""They immediately identified the issue and fixed it with ease.""",,http://www.mrbreezehvacservice.com
HVAC and plumbing emergency service,Blakeslee PA,Allstate Plumbing & Well Pumps,,"Allstate Plumbing & Well Pumps
Allstate Plumbing & Well Pumps
4.9(62)
Plumber
Open 24 hours · (888) 267-5777

Website

Directions
 
""I called Allstate Plumbing and heating and kirk answered..he saved my day.""",,http://businessyab.com/explore/united_states/pennsylvania/monroe_county/tunkhannock_township/blakeslee/skyline_drive/383/allstate_plumbing_heating.html
HVAC and plumbing emergency service,Lake Ariel PA,Highpoint Mechanical HVAC LLC,,"Highpoint Mechanical HVAC LLC
Highpoint Mechanical HVAC LLC
4.9(49)
HVAC contractor · 120 Maple Ave
Open · Closes 12 AM · (570) 656-3807

Website

Directions
 
Onsite services",,http://hvacservice.io/pa/lake-ariel/highpoint-mechanical-hvac-llc
HVAC and plumbing emergency service,Lake Ariel PA,Scotty's Services Inc,,"Scotty's Services Inc
Scotty's Services Inc
4.4(37)
Heating contractor ·  · 429 Hamlin Hwy
Closed · Opens 8 AM Mon · (570) 689-0890

Website

Directions
 
""And recently they helped us out with a no hot water emergency.""",,http://scottysservices.com
HVAC and plumbing emergency service,Lake Ariel PA,Histed's Heating & Plumbing,,"Histed's Heating & Plumbing
Histed's Heating & Plumbing
4.6(9)
Heating contractor · Maple Ave
(570) 698-8797

Directions
 
""Robert called back quickly on a Saturday and arrived shortly after the call.""",,http://www.chamberofcommerce.com/business-directory/pennsylvania/lake-ariel/heating-contractor/2033270236-histed-s-heating-plumbing
HVAC and plumbing emergency service,Lake Ariel PA,Caparo’s HVAC & Plumbing,,"Caparo’s HVAC & Plumbing
Caparo’s HVAC & Plumbing
4.8(76)
HVAC contractor · 243 Hitchcock Rd
Closed · Opens 8 AM Mon · (570) 766-7799

Directions
 
""Kevin came out with-in the hour and fixed it.""",,http://www.chamberofcommerce.com/business-directory/pennsylvania/lake-ariel/hvac-contractor/2017168697-caparos-hvac-plumbing
HVAC and plumbing emergency service,Saylorsburg PA,"Affordable Comfort Contracting, Inc",,"Affordable Comfort Contracting, Inc
Affordable Comfort Contracting, Inc
4.8(205)
Plumber · 1201 Rte 115
Open 24 hours · (570) 992-2806

Website

Directions
 
Onsite services",,http://affordablecomfortinc.net
HVAC and plumbing emergency service,Saylorsburg PA,Universal Plumbing Heating & Mechanical,,"Universal Plumbing Heating & Mechanical
Universal Plumbing Heating & Mechanical
5.0(206)
Plumber
Open 24 hours · (570) 992-5868

Website

Directions
 
""Available same day for emergency service, very prompt, and knowledgeable.""
 

Book online",,http://pamasterplumber.com
HVAC and plumbing emergency service,Saylorsburg PA,"Coppola Heating, Air Conditioning and Plumbing LLC",,"Coppola Heating, Air Conditioning and Plumbing LLC
Coppola Heating, Air Conditioning and Plumbing LLC
4.9(70)
HVAC contractor · 225 Winding Way
Closed · Opens 7 AM · (570) 580-7181

Directions
 
""Came out and diagnosed and repaired the situation in under thirty minutes.""",,http://www.chamberofcommerce.com/business-directory/pennsylvania/saylorsburg/hvac-contractor/2017169792-coppola-heating-air-conditioning-and-plumbing-llc
HVAC and plumbing emergency service,Saylorsburg PA,Deluxe Plumbing & Heating,,"Deluxe Plumbing & Heating
Deluxe Plumbing & Heating
4.7(506)
HVAC contractor · 4240 Fritch Dr
Open 24 hours · (610) 628-1724

Website

Directions
 
Onsite services
·
Online estimates",,http://hallerent.com/deluxe-plumbing-and-heating/
HVAC and plumbing emergency service,Bartonsville PA,Leon Clapper Plumbing Heating & Water Conditioning,,"Leon Clapper Plumbing Heating & Water Conditioning
Leon Clapper Plumbing Heating & Water Conditioning
3.8(36)
Plumber · 425 Neyhart Rd
Open 24 hours · (570) 629-2833

Website

Directions
 
""They've been quick to act always on time and always got the job done right.""",,http://leonclapper.com
HVAC and plumbing emergency service,Bartonsville PA,iKON HVAC,,"iKON HVAC
iKON HVAC
4.8(101)
HVAC contractor
Open 24 hours · (570) 972-4845

Website

Directions
 
""Angelo and his team responded right away and were able to come out same day!""",,http://www.icon-hvac.com/category/all-products
HVAC and plumbing emergency service,Pocono Lake PA,Pocono Water Heater & Plumbing Services,,"Pocono Water Heater & Plumbing Services
Pocono Water Heater & Plumbing Services
5.0(196)
Plumber
Open 24 hours · (570) 801-2368

Website

Directions
 
""Pocono water heater was very fast and professional.""",,http://www.poconowaterheater.com
HVAC and plumbing emergency service,Albrightsville PA,Absolute Plumbing & Heating,,"Absolute Plumbing & Heating
Absolute Plumbing & Heating
4.9(33)
HVAC contractor
Closed · Opens 8:30 AM Mon · (570) 730-0823

Website

Directions
 
""They came out quickly and fixed my problem!""",,http://absoluteplumbing-heating.com/services/
HVAC and plumbing emergency service,Lake Wallenpaupack PA,"Vitale & Son Plumbing, Heating and A/C",,"Vitale & Son Plumbing, Heating and A/C
Vitale & Son Plumbing, Heating and A/C
4.9(129)
HVAC contractor
Closed · Opens 8 AM Mon · (570) 991-0991

Website

Directions
 
""He was at my door in twenty minutes and had me up and running in no time.""",,http://www.vitaleandson.com
HVAC and plumbing emergency service,Arrowhead Lake Albrightsville PA,"Hope Mechanical, LLC",,"Hope Mechanical, LLC
Hope Mechanical, LLC
4.9(410)
Plumber · 406 Hercules Dr
Closed · Opens 7 AM Mon · (610) 904-8002

Website

Directions
 
Onsite services
 

Book online",,http://plumberinboonenc.com/plumber-near-me/hope-mechanical-llc/
HVAC and plumbing emergency service,Bushkill Falls PA,Lehigh Plumbing,,"Lehigh Plumbing
Lehigh Plumbing
5.0(939)
Plumber
Closed · Opens 8 AM Mon · (610) 973-5070

Website

Directions
 
""We highly recommend them for your future plumbing and HVAC needs!""",,http://www.lehighplumbing.com
HVAC and plumbing emergency service,Blue Mountain Ski Area Palmerton PA,ABC Heating & Cooling Inc,,"ABC Heating & Cooling Inc
ABC Heating & Cooling Inc
3.5(58)
Air conditioning contractor · 1306 Riverview Dr
Closed · Opens 7 AM · (610) 760-6020

Directions
 
""Great place great Service 24 emergency service""",,http://dualtemp.com/home-services/locations/palmerton/
HVAC and plumbing emergency service,Resica Falls PA,ADR Always Done Right Services,,"ADR Always Done Right Services
ADR Always Done Right Services
5.0(31)
HVAC contractor · Decker rd, Saw Creek Estate
Open 24 hours · (732) 967-5237

Website

Directions
 
""Nick is reliable, resourceful and knowledgeable.""",,http://adralwaysdoneright.com
HVAC and plumbing emergency service,Saw Creek Estates Bushkill PA,"PTS Plumbing, Heating & Air Conditioning",,"PTS Plumbing, Heating & Air Conditioning
PTS Plumbing, Heating & Air Conditioning
4.2(33)
Plumber · 239 Shawnee Dr
Open 24 hours · (570) 236-1992

Directions
 
Onsite services",,http://www.allbiz.com/business/pts-plumbing-heating-air-conditioning-570-236-1992
HVAC and plumbing emergency service,Saw Creek Estates Bushkill PA,Taylor Group Plumbing Heating Mechanical & Sprinkler Inc.,,"Taylor Group Plumbing Heating Mechanical & Sprinkler Inc.
Taylor Group Plumbing Heating Mechanical & Sprinkler Inc.
4.0(12)
Plumber · 247 Fox Run Ln Ste 203
Open 24 hours · (570) 609-3431

Website

Directions
 
Onsite services
·
Online estimates",,http://www.chamberofcommerce.com/business-directory/pennsylvania/east-stroudsburg/plumber/2012613471-taylor-group-plumbing-heating-mechanical-sprinkler-inc
HVAC and plumbing emergency service,Saw Creek Estates Bushkill PA,All-Tech Mechanical Heating & Air Conditioning,,"All-Tech Mechanical Heating & Air Conditioning
All-Tech Mechanical Heating & Air Conditioning
4.9(266)
Heating contractor · 872 Coolbaugh Rd
Open 24 hours · (570) 223-8297

Website

Directions
 
""I had an emergency and they responded professionally and quickly.""",,http://www.alltechmech.com
HVAC and plumbing emergency service,Tanglwood Lakes Greentown PA,911 Emergency Plumbing and Heating,,"911 Emergency Plumbing and Heating
911 Emergency Plumbing and Heating
5.0(2)
Plumber
Open 24 hours · (877) 312-5754

Website

Directions",,http://www.911plumbandheat.com
HVAC and plumbing emergency service,Hemlock Farms Hawley PA,"Blitz Plumbing, Heating and Cooling",,"Blitz Plumbing, Heating and Cooling
Blitz Plumbing, Heating and Cooling
5.0(35)
HVAC contractor
Closed · Opens 7 AM · (845) 645-5013

Website

Directions
 
""He diagnosed the leak and fixed it within an hour.""",,http://blitzplumbing.com/hawley-pa/
HVAC and plumbing emergency service,Hideout Lake Ariel PA,Rinker Inc.,,"Rinker Inc.
Rinker Inc.
4.8(102)
Air conditioning contractor · 13 Mt Cobb Hwy
Closed · Opens 8 AM Mon · (570) 698-9696

Website

Directions
 
Onsite services
·
Online estimates",,http://gorinkerinc.com
Pest control services,Stroudsburg PA,Mrs. Bzzz Pest & Termite Solutions - Stroudsburg,,"Mrs. Bzzz Pest & Termite Solutions - Stroudsburg
Mrs. Bzzz Pest & Termite Solutions - Stroudsburg
4.9(179)
Pest control service · 814 Monroe St #101
Open 24 hours · (570) 431-3556

Website

Directions
 
""Definitely recommend Brendan if you’re dealing with any pest problems!""",,http://mrsbzzz.com
Pest control services,Stroudsburg PA,Ehrlich Pest Control,,"Ehrlich Pest Control
Ehrlich Pest Control
4.8(473)
Pest control service · 507 Seven Bridge Rd
Open 24 hours · (866) 864-1911

Website

Directions
 
""Always punctual and solves the pest problem.""",,http://pub-uat.jcehrlich.com/local-branches/stroudsburg-pa
Pest control services,Stroudsburg PA,A#1 Animal and Pest Control,,"A#1 Animal and Pest Control
A#1 Animal and Pest Control
3.7(9)
Pest control service · 235 Secor St
Open 24 hours · (717) 422-3916

Website

Directions
 
Onsite services
·
Online estimates",,http://animalandpestcontrol.com
Pest control services,Stroudsburg PA,Sting Operation Pest Control,,"Sting Operation Pest Control
Sting Operation Pest Control
No reviews
Pest control service · 556 Main St Ste 7
Closed · Opens 8:30 AM Mon · (570) 380-5055

Website

Directions",,http://www.stingoperationpestcontrol.com
Pest control services,Stroudsburg PA,Mr. Perfecto Extermination and Cleaning,,"Mr. Perfecto Extermination and Cleaning
Mr. Perfecto Extermination and Cleaning
5.0(29)
Pest control service · 344 Stroud Mall Road, 784 Marcy ave
Closed · Opens 9 AM Mon · (800) 311-5944

Directions",,http://pestcontrolnoblesville.com/pest-control-near-me/mr-perfecto-extermination-and-cleaning
Pest control services,Stroudsburg PA,L & L Pest Control,,"L & L Pest Control
L & L Pest Control
4.9(280)
Pest control service · 191 PA-715
Closed · Opens 9 AM Mon · (570) 992-3487

Website

Directions
 
""Excellent customer service and reliable pest control service overall!”""",,http://landlpestcontrol.com/pest-control-stroudsburg/
Pest control services,East Stroudsburg PA,Catch Them Critterz,,"Catch Them Critterz
Catch Them Critterz
4.8(25)
Animal control service · Sandlewood Dr
Closed · Opens 9 AM Mon · (570) 202-0185

Directions
 
""They were fast and helpful at solving our critter issue.""",,http://www.chamberofcommerce.com/business-directory/pennsylvania/east-stroudsburg/animal-control-service/2032304851-catch-them-critterz
Pest control services,East Stroudsburg PA,The Pest Rangers Mount Pocono: Termite and Pest Control,,"The Pest Rangers Mount Pocono: Termite and Pest Control
The Pest Rangers Mount Pocono: Termite and Pest Control
5.0(457)
Pest control service · 3324 PA-940 Ste 105
Closed · Opens 8 AM Mon · (570) 355-6060

Website

Directions
 
Online estimates
·
Onsite services not available",,http://thepestrangers.com
Pest control services,Mount Pocono PA,Green Man Exterminator Pest Control Services,,"Green Man Exterminator Pest Control Services
Green Man Exterminator Pest Control Services
4.8(29)
Pest control service · 506 Main St
Closed · Opens 9 AM Mon · (570) 851-4863

Website

Directions
 
Onsite services",,http://poconopestcontrol.com
Pest control services,Mount Pocono PA,Pocono Wildlife Control LLC,,"Pocono Wildlife Control LLC
Pocono Wildlife Control LLC
4.9(17)
Pest control service
Closed · Opens 8 AM Mon · (570) 807-4954

Website

Directions
 
""Did an excellent job and were responsive to all of our needs and questions.""",,http://poconowildlifecontrol.com
Pest control services,Jim Thorpe PA,Rest Easy Pest Control,,"Rest Easy Pest Control
Rest Easy Pest Control
No reviews
Pest control service · 733 Fairyland Rd
Closed · Opens 8 AM Mon · (908) 774-1552

Directions",,http://resteasypestcontrol.com/states/pennsylvania/carbon-county/jim-thorpe/
Pest control services,Jim Thorpe PA,Terminix,,"Terminix
Terminix
4.9(58)
Pest control service · 105 W Broad St Ste 110
Open 24 hours · (570) 551-0080

Website

Directions
 
Onsite services
·
Online estimates",,http://terminix.com
Pest control services,Jim Thorpe PA,A. D. Home Inspections LLC,,"A. D. Home Inspections LLC
A. D. Home Inspections LLC
4.9(29)
Pest control service
Closed · Opens 10 AM · (570) 467-7328

Website

Directions
 
""I was very pleased with the service and advice from AD Home inspections.""",,http://adhomeinspections.com
Pest control services,Jim Thorpe PA,LaMastra Pest and Wildlife Management LLC,,"LaMastra Pest and Wildlife Management LLC
LaMastra Pest and Wildlife Management LLC
5.0(14)
Pest control service
Closed · Opens 7 AM Mon · (484) 707-2270

Directions
 
""Max is very knowledgeable and does efficient work!!""",,http://www.chamberofcommerce.com/united-states/pennsylvania/slatington/pest-control-service/2017594470-lamastra-pest-and-wildlife-management-llc
Pest control services,Jim Thorpe PA,The Pest Rangers Lehigh Valley: Termite and Pest Control,,"The Pest Rangers Lehigh Valley: Termite and Pest Control
The Pest Rangers Lehigh Valley: Termite and Pest Control
5.0(462)
Pest control service · 1501 Sumner Ave
Closed · Opens 8 AM Mon · (610) 871-1229

Website

Directions
 
""They helped my Grandma with some infestations and cleared it up in no time!""",,http://thepestrangers.com
Pest control services,Milford PA,Pest and Wildlife Control Company,,"Pest and Wildlife Control Company
Pest and Wildlife Control Company
5.0(228)
Pest control service · 615 Sawkill Rd
Closed · Opens 6 AM Mon · (570) 431-9551

Website

Directions
 
Onsite services
·
Online estimates",,http://www.pestwildlifecontrolcompany.com/milford
Pest control services,Milford PA,PestPractice Milford,,"PestPractice Milford
PestPractice Milford
5.0(1)
Pest control service · 406 Broad St
Open 24 hours · (570) 800-2055

Website

Directions
 
Online estimates",,http://pestpa.com
Pest control services,Milford PA,Eastern Pest Management,,"Eastern Pest Management
Eastern Pest Management
5.0(2)
Pest control service
Temporarily closed · (570) 296-4222

Website

Directions",,http://easternpestdmv.com/contact-us
Pest control services,Hawley PA,Pocono Pest Control,,"Pocono Pest Control
Pocono Pest Control
5.0(3)
Pest control service · 1319 Purdytown Turnpike
Closed · Opens 8 AM Mon

Directions
 
""Rich is friendly, knows his stuff, and always answers his phone.""",,http://poconospestcontrol.com/wayne-county/hawley/
Pest control services,Hawley PA,Paupack Wildlife and Pest Control,,"Paupack Wildlife and Pest Control
Paupack Wildlife and Pest Control
4.9(28)
Pest control service ·  · 121 Gumbletown Rd
Closed · Opens 9 AM Mon · (570) 251-1544

Website

Directions
 
""Excellent service and they always go above and beyond.""
 

Book online",,http://paupackwildlifecontrol.com/pest-control/pest-control-hawley-pa/
Pest control services,Hawley PA,Nepa Exterminators,,"Nepa Exterminators
Nepa Exterminators
5.0(49)
Pest control service · 794 PA-690
Open 24 hours · (570) 955-9708

Website

Directions
 
""They did excellent work, and were very efficient.""",,http://nepaexterminators.com/site/
Pest control services,Hawley PA,Fine's Pest Control,,"Fine's Pest Control
Fine's Pest Control
5.0(47)
Pest control service · 470 Plank Rd
Closed · Opens 8 AM Mon · (570) 299-6150

Website

Directions
 
""They use natural and organic pest control products which smell good.""",,http://www.finespestcontrol.com
Pest control services,Lehighton PA,Herritt's Pest Control,,"Herritt's Pest Control
Herritt's Pest Control
4.7(18)
Pest control service · 4280 Cedar Dr
Closed · Opens 7 AM · (844) 902-2897

Website

Directions
 
""Herritt's handled it thoroughly in 1 visit, saving me me time and money!""",,http://www.herrittspestcontrol.com
Pest control services,Honesdale PA,Honesdale Wildlife Removal,,"Honesdale Wildlife Removal
Honesdale Wildlife Removal
5.0(14)
Pest control service
(570) 493-3502

Website

Directions
 
""Brandon showed up on schedule, set-up traps and checked them every morning.""",,http://honesdaleborough.com
Pest control services,Lake Ariel PA,"570 Pest and Weed Defense, LLC",,"570 Pest and Weed Defense, LLC
570 Pest and Weed Defense, LLC
5.0(18)
Pest control service · 16 Pierre Drive
Open 24 hours · (570) 614-9553

Directions
 
Online estimates",,http://www.findglocal.com/US/Moscow/673227155878457/570-Pest-and-Weed-Defense
Pest control services,Lake Ariel PA,"Forbes Pest Control, LLC",,"Forbes Pest Control, LLC
Forbes Pest Control, LLC
4.8(26)
Pest control service · 433 Whitmore Ave
Closed · Opens 8 AM Mon · (570) 906-0909

Website

Directions
 
Online estimates
·
Onsite services not available",,http://www.forbespestcontrolllc.com
Pest control services,Lake Ariel PA,Overwatch Home Inspections & Pest Control,,"Overwatch Home Inspections & Pest Control
Overwatch Home Inspections & Pest Control
4.9(152)
Pest control service
Closed · Opens 8 AM · (570) 866-0304

Website

Directions
 
Online estimates",,http://www.findglocal.com/US/Scranton/355142412114441/Overwatch-Home-Inspections-and-Pest-Control-LLC
Pest control services,Saylorsburg PA,Mountain Valley Pest Control,,"Mountain Valley Pest Control
Mountain Valley Pest Control
No reviews
Pest control service · 904 E Laurel Ave
(610) 365-2870

Website

Directions",,http://mountainvalleypest.com
Pest control services,Saylorsburg PA,A1 Wildlife Pest Control LLC,,"A1 Wildlife Pest Control LLC
A1 Wildlife Pest Control LLC
3.5(11)
Pest control service · 450 Cedar Rd
(610) 504-6156

Directions",,http://www.allbiz.com/business/a-wildlife-pest-control-llc_1P-610-504-6156
Pest control services,Tannersville PA,Seitz Bros.,,"Seitz Bros.
Seitz Bros.
4.7(40)
Pest control service · 2857 PA-611
Closed · Opens 8:30 AM Mon · (855) 548-2801

Website

Directions
 
""The technician Josh was super knowledgeable and did a great job.""",,http://www.seitzbrothers.com/contact-us/
Pest control services,Pocono Lake PA,Viking Pest Control,,"Viking Pest Control
Viking Pest Control
4.8(311)
Pest control service
Closed · Opens 8 AM · (800) 618-2847

Website

Directions
 
Online estimates",,http://www.vikingpest.com
Pest control services,Arrowhead Lake Albrightsville PA,Aspen Pest Control,,"Aspen Pest Control
Aspen Pest Control
5.0(37)
Pest control service
Closed · Opens 9 AM Mon · (570) 620-0300

Website

Directions
 
""... Aspen for anyone needing reliable pest control services!""",,http://aspenpc.com/about-us/
Pest control services,Bushkill Falls PA,Aptive Pest Control,,"Aptive Pest Control
Aptive Pest Control
4.9(165)
Pest control service
Closed · Opens 6 AM Mon · (610) 890-9609

Website

Directions
 
Online estimates",,http://aptivepestcontrol.com/locations/pennsylvania-pa/bushkill-pest-control/
Pest control services,Shawnee on Delaware PA,Green Pest Solutions,,"Green Pest Solutions
Green Pest Solutions
4.9(751)
Pest control service · 6363 Winside Dr
Closed · Opens 7:30 AM Mon · (610) 840-0044

Website

Directions
 
""... Pest technician goes over and above normal customer service.""",,http://www.greenpestsolutions.com
Pest control services,Shawnee on Delaware PA,Quest Termite & Pest Management,,"Quest Termite & Pest Management
Quest Termite & Pest Management
4.9(274)
Pest control service ·  · 1319 Main St
Closed · Opens 8 AM Mon · (610) 795-5491

Website

Directions
 
Online estimates
·
Onsite services not available",,http://www.questpests.com
Pest control services,Shawnee on Delaware PA,Rid-Et Pest Control,,"Rid-Et Pest Control
Rid-Et Pest Control
3.7(15)
Pest control service · 19 Tatamy Rd
Closed · Opens 8 AM Mon · (610) 759-0839

Website

Directions",,http://www.rid-etpestcontrol.com
Pest control services,Resica Falls PA,Atlas Pest Control Services,,"Atlas Pest Control Services
Atlas Pest Control Services
5.0(11)
Pest control service · 98 Gruver Rd
Open 24 hours · (215) 672-4757

Website

Directions
 
Onsite services
·
Online estimates",,http://www.atlaspestcontrolpa.com/contact-us
Pest control services,Saw Creek Estates Bushkill PA,BeeAwesome Eco Pest Control,,"BeeAwesome Eco Pest Control
BeeAwesome Eco Pest Control
5.0(24)
Pest control service
Closed · Opens 7 AM Mon · (973) 876-7081

Website

Directions
 
Online estimates",,http://www.beeawesomenjpest.com/pest-control-services-nj-pa
Pest control services,Saw Creek Estates Bushkill PA,BeeAwesome NJ Eco Pest Control,,"BeeAwesome NJ Eco Pest Control
BeeAwesome NJ Eco Pest Control
No reviews
Pest control service
Closed · Opens 9 AM Mon · (973) 876-7081

Website

Directions
 
Online estimates",,http://www.beeawesomenjpest.com
Pest control services,Hemlock Farms Hawley PA,Beam pest solutions,,"Beam pest solutions
Beam pest solutions
5.0(6)
Pest control service
Closed · Opens 10 AM · (973) 223-2788

Website

Directions",,http://www.hemlockfarms.org
Pest control services,Hemlock Farms Hawley PA,Masters Pest Control,,"Masters Pest Control
Masters Pest Control
5.0(978)
Pest control service · 05 Grand St
Closed · Opens 8 AM Mon · (845) 856-2024

Website

Directions
 
""... KNOWLEGEABLE AND RESPONSIVE TO PEST CONTROL ISSUES.""",,http://masterspestcontrol.com/pike-county/hemlock-farms/
Pest control services,Hideout Lake Ariel PA,Bug E Bug Pest Control,,"Bug E Bug Pest Control
Bug E Bug Pest Control
5.0(2)
Pest control service
Open · Closes 10 PM · (570) 955-8382

Directions",,http://www.merchantcircle.com/bug-e-bug-lake-ariel-pa
Pest control services,Indian Mountain Lake Lehighton PA,"The Bug Guyz, LLC",,"The Bug Guyz, LLC
The Bug Guyz, LLC
5.0(146)
Pest control service
(570) 855-5335

Website

Directions
 
""The same day I called, Karl was able to swing by and spray.""",,http://thebugguyz.com
Pest control services,Indian Mountain Lake Lehighton PA,Seitz Environmental Inc.,,"Seitz Environmental Inc.
Seitz Environmental Inc.
4.6(28)
Environmental engineer · 1290 Blakeslee Blvd Dr W
Closed · Opens 7:30 AM Mon · (833) 219-9490

Website

Directions
 
""Seitz Environmental have done two jobs for me and I was very happy.""",,http://seitzenvironmental.com
Trash valet garbage removal,Stroudsburg PA,We Cleanout Junk LLC,,"We Cleanout Junk LLC
We Cleanout Junk LLC
5.0(143)
Waste management service · 205 Ramble Bush Rd
Open 24 hours · (570) 730-0447

Website

Directions
 
""They did a wonderful job on a removal on our property.""",,http://wecleanoutjunk.com
Trash valet garbage removal,Stroudsburg PA,Disposal Pro,,"Disposal Pro
Disposal Pro
4.9(34)
Garbage collection service · 824 Scott St
Closed · Opens 9 AM Mon · (570) 234-9678

Website

Directions
 
""They never leave any trash on the ground after a pick up either.""",,http://disposalpa.com
Trash valet garbage removal,Stroudsburg PA,AFFORDABLE JUNK REMOVAL SERVICE,,"AFFORDABLE JUNK REMOVAL SERVICE
AFFORDABLE JUNK REMOVAL SERVICE
5.0(252)
Waste management service ·  · 2349 Rimrock Dr
Open 24 hours · (570) 807-1463

Website

Directions
 
""Affordable Junk Removal Service provided excellent service.""",,http://affordablejunkremovalservice.com/services
Trash valet garbage removal,East Stroudsburg PA,Nimis Hauling Inc.,,"Nimis Hauling Inc.
Nimis Hauling Inc.
5.0(128)
Waste management service
Open 24 hours · (570) 807-2325

Website

Directions
 
""Nimis Hauling was fast, efficient, friendly and cost effective!""",,http://www.nimishaulinginc.com
Trash valet garbage removal,East Stroudsburg PA,Valovich & Sons,,"Valovich & Sons
Valovich & Sons
5.0(13)
Container service · 114 Tanite Rd
(570) 421-2165

Website

Directions
 
""Mark came by the called him and got everything removed and on his truck.""",,http://valovichandsons.com
Trash valet garbage removal,East Stroudsburg PA,Wonderful Cleanouts,,"Wonderful Cleanouts
Wonderful Cleanouts
5.0(6)
Debris removal service · 3609 Bridge St
Closed · Opens 9 AM Mon · (570) 656-2887

Website

Directions
 
""This company did a great job with removing my living room set.""",,http://wonderfulcleanout.com
Trash valet garbage removal,Mount Pocono PA,Panther Waste Systems LLC,,"Panther Waste Systems LLC
Panther Waste Systems LLC
4.3(90)
Waste management service · 353 Sullivan Trail
Closed · Opens 8 AM Mon · (570) 646-5178

Website

Directions
 
""Also brought scrap metal which was no charge.""",,http://pantherwaste1.com/about
Trash valet garbage removal,Mount Pocono PA,Vanwhy Sanitation (Pa),,"Vanwhy Sanitation (Pa)
Vanwhy Sanitation (Pa)
2.9(16)
Garbage collection service · 287 Buck Fever Trail

Directions
 
""He’s never missed a pick up never over charged me.""",,http://www.superpages.com/scotrun-pa/bpp/vanwhy-sanitation-519565835
Trash valet garbage removal,Mount Pocono PA,D M Palmisano Sanitation,,"D M Palmisano Sanitation
D M Palmisano Sanitation
3.7(43)
Garbage collection service · Monomonock Rd
Closed · Opens 9 AM Mon · (570) 595-9027

Website

Directions
 
""The guys go above & beyond to get the job done!""",,http://www.dmpalmisano.com
Trash valet garbage removal,Mount Pocono PA,That's Gotta Go LLC,,"That's Gotta Go LLC
That's Gotta Go LLC
4.5(13)
Waste management service · 205 PA-196
(570) 580-8505

Website

Directions
 
""My dumpster arrived as they said even the driver was pleasant and helpful.""",,http://www.thatsgottago.com
Trash valet garbage removal,Mount Pocono PA,Junk Your Trash Demolition Services,,"Junk Your Trash Demolition Services
Junk Your Trash Demolition Services
5.0(31)
Debris removal service · 7490 Cottage Ln
Open 24 hours · (570) 350-0944

Directions
 
""Called the morning of they came out the same day and got the job done.""",,http://1800gotjunk.com
Trash valet garbage removal,Jim Thorpe PA,Freedom Sanitation LLC,,"Freedom Sanitation LLC
Freedom Sanitation LLC
4.7(85)
Garbage collection service
(610) 866-8380

Website

Directions
 
""Very happy with them for my residential trash service.""",,http://freedomsanitation.com
Trash valet garbage removal,Jim Thorpe PA,Prestige Disposal,,"Prestige Disposal
Prestige Disposal
4.9(332)
Garbage collection service
Closed · Opens 8 AM Mon · (484) 658-3333

Website

Directions
 
""Very consistent and easy trash pickup at an affordable price.""",,http://www.prestigedisposalnepa.com
Trash valet garbage removal,Jim Thorpe PA,Randy's Trash,,"Randy's Trash
Randy's Trash
4.0(112)
Garbage collection service
Closed · Opens 7 AM Mon · (484) 926-6500

Website

Directions
 
""My driver always picks our trash up on time!""",,http://randystrash.com
Trash valet garbage removal,Jim Thorpe PA,Clean-ya-junk Hauling,,"Clean-ya-junk Hauling
Clean-ya-junk Hauling
5.0(59)
Waste management service
Closed · Opens 12 AM Mon · (570) 350-3107

Website

Directions
 
""Did a very a nice job in removing junk and extra items .""",,http://www.aaarousse.com/Junk_Removal_Jim_Thorpe_Pennsylvania.html
Trash valet garbage removal,Jim Thorpe PA,J&S Disposal Service,,"J&S Disposal Service
J&S Disposal Service
4.3(49)
Garbage collection service · 613 Main St
Closed · Opens 8 AM Mon · (610) 866-2430

Website

Directions
 
""This is a company I will be using whenever we need a dumpster unit.""",,http://jsdumpsters.com/dumpster-rental-jim-thorpe-pa/
Trash valet garbage removal,Milford PA,Absolute Trash PA - Trash Valet Service,,"Absolute Trash PA - Trash Valet Service
Absolute Trash PA - Trash Valet Service
5.0(2)
Garbage collection service
Open 24 hours · (215) 690-1379

Website

Directions
 
""Absolute trash keep up the good work!!""",,http://absolutetrashpa.com
Trash valet garbage removal,Milford PA,Bin Pals - Valet Trash Service New Jersey,,"Bin Pals - Valet Trash Service New Jersey
Bin Pals - Valet Trash Service New Jersey
5.0(10)
Garbage collection service
Open · Closes 7 PM · (732) 558-2439

Website

Directions
 
""Super helpful bin to curb service while I was away from home!""",,http://binpals.net/valet-trash-new-jersey/
Trash valet garbage removal,Milford PA,Trash Grabbers LLC,,"Trash Grabbers LLC
Trash Grabbers LLC
5.0(1)
Waste management service
Open · Closes 9 PM · (484) 284-0594

Website

Directions",,http://www.trash-grabbers.com/services
Trash valet garbage removal,Milford PA,Yard Valet,,"Yard Valet
Yard Valet
No reviews
Waste management service
Closed · Opens 9 AM Mon · (484) 350-4772

Website

Directions
 
Online estimates",,http://www.milfordboro.org
Trash valet garbage removal,Hawley PA,Carl's Dumpsters and Hauling,,"Carl's Dumpsters and Hauling
Sponsored

Carl's Dumpsters and Hauling
4.9(132)
Waste management service · 2064 Easton Turnpike
Open · Closes 4 PM · (570) 212-0573

Website

Directions
 ",,http://www.carlsdumpstersandhauling.com
Trash valet garbage removal,Hawley PA,Bunnell Waste Removal,,"Bunnell Waste Removal
Bunnell Waste Removal
4.3(34)
Garbage collection service · 267 Tryon St
Closed · Opens 8 AM Mon · (570) 253-5082

Website

Directions
 
""Great place to get your garbage removed or dumpster rental.""",,http://bunnellwasteremoval.com/index.html
Trash valet garbage removal,Hawley PA,Casella Waste Systems,,"Casella Waste Systems
Casella Waste Systems
2.2(248)
Garbage collection service · 17 Industrial Park Rd
Closed · Opens 8 AM Mon · (570) 685-7000

Website

Directions
 
""they picked up my recycling and left behind my garbage.""",,http://www.casella.com
Trash valet garbage removal,Lehighton PA,Trash Tacklers,,"Trash Tacklers
Trash Tacklers
5.0(59)
Garbage collection service
Open · Closes 6 PM · (484) 309-5484

Directions
 
""Eddie and his crew did an amazing job clearing out all the trash in my yard.""",,http://www.thetrashtacklers.org/contact-us
Trash valet garbage removal,Lehighton PA,Clark Sterner Sanitation,,"Clark Sterner Sanitation
Clark Sterner Sanitation
4.6(33)
Garbage collection service · 6167 Opossum Ln
Closed · Opens 8 AM Mon · (484) 262-0355

Directions
 
""Efficient , they go above and beyond to assist you with your garbage pails .""",,http://www.chamberofcommerce.com/business-directory/pennsylvania/allentown/garbage-collection-service/2015202896-clark-sterner-sanitation
Trash valet garbage removal,Honesdale PA,BS Junk Removal,,"BS Junk Removal
BS Junk Removal
5.0(87)
Garbage collection service
Open · Closes 8 PM · (570) 229-6932

Website

Directions
 
""They are super affordable and got the job done in a matter of minutes!""
 

Book online",,http://1800gotjunk.com
Trash valet garbage removal,Blakeslee PA,"Whitetail Disposal, Inc.",,"Whitetail Disposal, Inc.
Whitetail Disposal, Inc.
4.3(416)
Waste management service ·  · 2690 Howertown Rd #1
Closed · Opens 8 AM Mon · (610) 754-0103

Website

Directions
 
""From drop off of the bins to weekly service, they are always great.""",,http://monroecountypa.com/directory/whitetail-disposal-inc
Trash valet garbage removal,Saylorsburg PA,Albanese Cleanouts & Container Service,,"Albanese Cleanouts & Container Service
Albanese Cleanouts & Container Service
4.4(14)
Garbage collection service · 523 Meixsell Valley Rd
Open · Closes 7 PM · (610) 381-6909

Website

Directions
 
""Absolute best deal in the Poconos for a dumpster.""",,http://www.albanesecleanouts.com/service
Trash valet garbage removal,Tannersville PA,"Debris Valet, LLC",,"Debris Valet, LLC
Debris Valet, LLC
5.0(1)
Garbage collection service
Open 24 hours · (267) 377-7417

Directions",,http://www.debrisvaletllc.com
Trash valet garbage removal,Tannersville PA,Solid Rock Valet Trash Removal,,"Solid Rock Valet Trash Removal
Solid Rock Valet Trash Removal
No reviews
Garbage collection service
Open 24 hours · (856) 294-8689

Website

Directions",,http://www.republicservices.com/locations/pennsylvania/tannersville-trash-pickup-and-recycling
Trash valet garbage removal,Tannersville PA,Republic Services Allentown Recycling,,"Republic Services Allentown Recycling
Republic Services Allentown Recycling
1.9(92)
Recycling center ·  · 1200 N Irving St
Closed · Opens 8 AM Mon · (610) 432-7574

Website

Directions",,http://www.republicservices.com/locations/pennsylvania/allentown-trash-pickup-and-recycling
Trash valet garbage removal,Pocono Lake PA,National Waste Disposal Inc,,"National Waste Disposal Inc
National Waste Disposal Inc
5.0(6)
Sanitation service · 488 Sullivan Trail
Open · Closes 8 PM · (484) 408-7350

Directions
 
""Great customer service and trash pick-up""",,http://nwdisposal.com
Trash valet garbage removal,Camelback Resort Tannersville PA,"Quality Waste Services, LLC",,"Quality Waste Services, LLC
Quality Waste Services, LLC
No reviews
Garbage collection service · 907 Edgewood Rd
Open · Closes 6 PM · (610) 349-6630

Website

Directions",,http://www.chamberofcommerce.com/business-directory/pennsylvania/riegelsville/garbage-collection-service/2030445933-quality-waste-services-llc
Trash valet garbage removal,Blue Mountain Ski Area Palmerton PA,Blue Mountain Resort,,"Blue Mountain Resort
Blue Mountain Resort
4.3(4,569)
Ski resort ·  · 1660 Blue Mountain Dr
Activity center for skiing & more
(610) 826-7700

Website

Directions
 
""The garbage bins were clean and the campfires were nice and organized.""",,http://www.skibluemt.com
Trash valet garbage removal,Blue Mountain Ski Area Palmerton PA,Blue Dumpsters Inc,,"Blue Dumpsters Inc
Blue Dumpsters Inc
5.0(875)
Waste management service · 750 Lumber St
Closed · Opens 7 AM Mon · (215) 999-2583

Website

Directions
 
""Drop off and pick up of the dumpster were done in exactly the time promised.""",,http://www.bluedumpstersinc.com
Trash valet garbage removal,Resica Falls PA,"Reiss Hauling & Recycling, Inc.",,"Reiss Hauling & Recycling, Inc.
Reiss Hauling & Recycling, Inc.
2.8(44)
Garbage collection service · 1154 Passer Rd
Closed · Opens 9:30 AM Mon · (610) 346-7535

Website

Directions
 
""Unlike some of the other carriers that pick up trash.""",,http://www.reisshauling.com
Trash valet garbage removal,Hemlock Farms Hawley PA,Hemlock Farms Community Association Public Works,,"Hemlock Farms Community Association Public Works
Hemlock Farms Community Association Public Works
4.9(25)
Garbage dump · 
Closed · Opens 10 AM · (570) 775-7559

Directions",,http://www.hemlockfarms.org/public-works
Trash valet garbage removal,Hemlock Farms Hawley PA,East Penn Sanitation Inc,,"East Penn Sanitation Inc
East Penn Sanitation Inc
3.5(60)
Garbage collection service ·  · 4687 Hanoverville Road C
Closed · Opens 7 AM Mon · (610) 759-6398

Website

Directions
 
""I have been using their services for many years.""",,http://www.eastpennsanitation.com
Trash valet garbage removal,Pocono Ranch Lands East Stroudsburg PA,Pocono Ranchlands,,"Pocono Ranchlands
Pocono Ranchlands
4.3(97)
Homeowners' association ·  · 112 Ranchlands
Closed · Opens 8 AM Mon · (570) 828-2326

Website

Directions
 
""Good place to live, but HOA fees are growing every year.""",,http://pikepa.net/pocono-ranch-lands
Trash valet garbage removal,Indian Mountain Lake Lehighton PA,Anytime junk removal,,"Anytime junk removal
Anytime junk removal
5.0(93)
Debris removal service
Open 24 hours · (610) 570-8394

Website

Directions
 
""The day of removal he was prompt, quick, kind and professional.""",,http://local.yahoo.com/info-213834473-anytime-junk-removal-lehighton/
Chimney sweep and fireplace service,Stroudsburg PA,Detrick's Chimney Services,,"Detrick's Chimney Services
Detrick's Chimney Services
4.5(43)
Chimney sweep
(570) 402-0945

Directions
 
""Steve’s professionalism is first rate!""",,http://dschimneys.com
Chimney sweep and fireplace service,Stroudsburg PA,SAFE Chimney Service,,"SAFE Chimney Service
SAFE Chimney Service
4.8(85)
Repair service · 1530 Penn Forest Ln
Closed · Opens 8 AM Mon · (908) 736-6225

Website

Directions
 
""Very good communication and the service was very thorough.""
 

Book online",,http://safechimneyservice.com
Chimney sweep and fireplace service,Stroudsburg PA,"ProSweep Chimney & Fireplace, LLC",,"ProSweep Chimney & Fireplace, LLC
ProSweep Chimney & Fireplace, LLC
4.8(183)
Chimney sweep
Closed · Opens 9 AM Mon · (570) 431-9478

Directions
 
""The chimney technician was very professional, courteous and knowledgeable.""",,http://localmaidquotes.com
Chimney sweep and fireplace service,Stroudsburg PA,"R&B Chimney Services, LLC",,"R&B Chimney Services, LLC
R&B Chimney Services, LLC
5.0(11)
Chimney sweep · 204 Circle Dr
Open · Closes 5:30 PM · (570) 659-6605

Website

Directions
 
""Our fireplace is working better than ever now thanks to R&B!""",,http://randbchimney.com
Chimney sweep and fireplace service,Stroudsburg PA,Integrity Chimney Service,,"Integrity Chimney Service
Integrity Chimney Service
4.9(689)
Chimney sweep · 376 Sawmill Rd
Closed · Opens 8 AM Mon · (570) 215-8726

Website

Directions
 
""He worked clean and left our fireplace ready for use.""",,http://integritychimneyservice.com
Chimney sweep and fireplace service,Stroudsburg PA,"ReviewSent (ChimCare Services East Stroudsburg, PA)",,"ReviewSent (ChimCare Services East Stroudsburg, PA)
ReviewSent (ChimCare Services East Stroudsburg, PA)
5.0(2)
Chimney sweep · 26 Independence Rd #5
Open 24 hours · (570) 318-7566

Directions",,http://www.chimcare.com
Chimney sweep and fireplace service,East Stroudsburg PA,falcon chimney services,,"falcon chimney services
falcon chimney services
No reviews
Chimney services · 2447 Chipperfield Dr
Open 24 hours · (570) 242-0512

Website

Directions",,http://localmaidquotes.com
Chimney sweep and fireplace service,East Stroudsburg PA,"Doctor Chimney, LLC",,"Doctor Chimney, LLC
Doctor Chimney, LLC
3.1(17)
Chimney sweep
Open · Closes 3 PM · (570) 273-0925

Directions
 
""Him and his helper were able to fix the top of the chimney and swept it.""",,http://www.chamberofcommerce.com/business-directory/pennsylvania/east-stroudsburg/chimney-sweep/2011570668-doctor-chimney-llc
Chimney sweep and fireplace service,Mount Pocono PA,Spring Hill Chimney Service,,"Spring Hill Chimney Service
Spring Hill Chimney Service
4.5(48)
Chimney services · 28 4th St
Closed · Opens 8 AM Mon · (800) 731-7079

Website

Directions
 
Onsite services",,http://localmaidquotes.com
Chimney sweep and fireplace service,Jim Thorpe PA,Mauch Chunk Chimney Sweeps LLC,,"Mauch Chunk Chimney Sweeps LLC
Mauch Chunk Chimney Sweeps LLC
4.8(61)
Chimney sweep · 4 White Ln
Closed · Opens 8 AM Mon · (570) 325-4240

Directions
 
""Did a nice job and left no mess behind.""",,http://www.allbiz.com/business/mauch-chunk-chimney-sweeps-llc-570-325-4240
Chimney sweep and fireplace service,Jim Thorpe PA,"Giovanni Woodstove cleaning and Chimney proper services in Lehighton, PA",,"Giovanni Woodstove cleaning and Chimney proper services in Lehighton, PA
Giovanni Woodstove cleaning and Chimney proper services in Lehighton, PA
5.0(2)
Chimney sweep · 332 S 2nd St
Closed · Opens 12 AM Mon · (610) 200-1638

Website

Directions
 
""Their very dependable when it comes in this kind of services.""",,http://localmaidquotes.com
Chimney sweep and fireplace service,Milford PA,"Ace Chimney, Fireplace & Outdoor Living Milford",,"Ace Chimney, Fireplace & Outdoor Living Milford
Ace Chimney, Fireplace & Outdoor Living Milford
5.0(1)
Chimney sweep · 97 Crab Apple Hill Rd
Open 24 hours · (908) 650-6046

Website

Directions",,http://acechimneyfireplace.com
Chimney sweep and fireplace service,Milford PA,Jim Creegan - Certified Chimney Sweep,,"Jim Creegan - Certified Chimney Sweep
Jim Creegan - Certified Chimney Sweep
2.9(35)
Chimney sweep
Open · Closes 8 PM · (800) 347-9337

Website

Directions",,http://www.jimcreeganchimneysweep.com
Chimney sweep and fireplace service,Milford PA,Adonai Chimney Sweeps,,"Adonai Chimney Sweeps
Adonai Chimney Sweeps
4.8(21)
Chimney sweep · 504 Ninth Street Ex
Closed · Opens 9 AM Mon · (570) 491-2446

Directions
 
""He came to look at my fireplace right away.""",,http://www.bestprosintown.com/pa/matamoras/adonai-chimney-sweeps-/
Chimney sweep and fireplace service,Milford PA,"American Chimney Sweeps & Masons, LLC",,"American Chimney Sweeps & Masons, LLC
American Chimney Sweeps & Masons, LLC
4.6(9)
Chimney sweep · 184 Tulip St
Closed · Opens 9 AM Mon · (570) 491-7432

Directions
 
""He has done many things from chimney repointing inside and out.""",,http://americasbestchimney.net/pa/milford/
Chimney sweep and fireplace service,Hawley PA,Complete Chimney Service,,"Complete Chimney Service
Complete Chimney Service
5.0(60)
Chimney sweep · 147 T-505
Closed · Opens 9 AM Mon · (570) 282-9908

Website

Directions
 
Onsite services
·
Online estimates",,http://www.completechimney.net
Chimney sweep and fireplace service,Tobyhanna PA,J&J chimney services,,"J&J chimney services
J&J chimney services
4.9(119)
Chimney sweep
Open 24 hours · (570) 540-4755

Directions
 
""took great care of my chimney and cleaned everything before he left.""",,http://autonomouswebsites.net/jnj2/
Chimney sweep and fireplace service,Honesdale PA,A1 AFFORDABLE CHIMNEY PENNSYLVANIA,,"A1 AFFORDABLE CHIMNEY PENNSYLVANIA
A1 AFFORDABLE CHIMNEY PENNSYLVANIA
4.9(69)
Chimney sweep · 76 Brook St
Open 24 hours · (570) 282-2122

Directions
 
""Super friendly guys, on time, clean efficient work, good prices.""",,http://www.a-1chimney.com
Chimney sweep and fireplace service,Honesdale PA,The Fireplace Store,,"The Fireplace Store
The Fireplace Store
4.7(55)
Fireplace store ·  · 96 Dunn Rd
Closed · Opens 9 AM Mon · (570) 253-7358

Directions
 
Delivery",,http://www.chamberofcommerce.com/united-states/pennsylvania/honesdale/fireplace-store/2007137656-the-fireplace-store
Chimney sweep and fireplace service,Honesdale PA,Woody's Fireplace Inc,,"Woody's Fireplace Inc
Woody's Fireplace Inc
4.4(68)
Fireplace store ·  · 7 Woodys Pl
Closed · Opens 9 AM Tue · (570) 253-9500

Website

Directions
 
In-store shopping
·
In-store pickup
·
Delivery",,http://woodysfireplace.com
Chimney sweep and fireplace service,Blakeslee PA,"D&S Chimney Sweep, LLC",,"D&S Chimney Sweep, LLC
D&S Chimney Sweep, LLC
4.7(39)
Chimney sweep
Closed · Opens 10 AM Mon · (570) 402-0945

Website

Directions
 
""The job was done excellently — clean, professional, and at a fair price.""",,http://dschimneys.com
Chimney sweep and fireplace service,Blakeslee PA,"S & T Coombe, Inc",,"S & T Coombe, Inc
S & T Coombe, Inc
3.8(84)
Fireplace store ·  · 179 PA-940
Closed · Opens 10 AM Mon · (570) 646-8254

Website

Directions
 
""Did an outstanding job cleaning and keeping it operational.""",,http://stcoombe.com
Chimney sweep and fireplace service,Saylorsburg PA,keystone chimney,,"keystone chimney
keystone chimney
4.5(8)
Contractor · 327 Shady Oaks Dr W
Closed · Opens 12 AM Mon · (215) 946-7821

Directions
 
""Jay came out to clean my mothers chimney and he was great and fairly priced""",,http://www.findglocal.com/US/Saylorsburg/743278379164661/Keystone-Chimney
Chimney sweep and fireplace service,Saylorsburg PA,Clean Sweep,,"Clean Sweep
Clean Sweep
4.8(59)
Chimney sweep · 3218 Cherryville Rd
Open · Closes 8 PM · (610) 867-2631

Website

Directions
 
""We highly recommend Clean Sweep for any chimney and fireplace needs.""",,http://www.cleansweep.ws
Chimney sweep and fireplace service,Bartonsville PA,Lehigh Valley Chimney,,"Lehigh Valley Chimney
Lehigh Valley Chimney
4.8(324)
Chimney services · 912 N Lumber St
Closed · Opens 8 AM Mon · (610) 224-9333

Website

Directions
 
""They did 2 half a double chimney's and they did an excellent job.""
 

Book online",,http://lehighvalleychimney.com
Chimney sweep and fireplace service,Lake Wallenpaupack PA,Mike's Chimney Sweep & Repair,,"Mike's Chimney Sweep & Repair
Mike's Chimney Sweep & Repair
4.9(40)
Chimney sweep
Closed · Opens 9 AM Mon · (570) 362-3551

Website

Directions
 
""... professional, knowledgeable, funny, personable and clean!""",,http://www.homeadvisor.com/rated.Mikeschimneysweeprepair.134833598.html
Chimney sweep and fireplace service,Arrowhead Lake Albrightsville PA,United Home Services,,"United Home Services
United Home Services
4.5(109)
Chimney sweep · 382 Long Lane Rd
Open 24 hours · (484) 661-6778

Website

Directions
 
""The service technician was professional, experienced and very considerate.""",,http://arrowheadlakepa.net
Chimney sweep and fireplace service,Bushkill Falls PA,"Fireplace and Chimney Professionals, LLC",,"Fireplace and Chimney Professionals, LLC
Fireplace and Chimney Professionals, LLC
5.0(257)
Chimney sweep ·  · 4345 Durham Rd
Closed · Opens 6:30 AM Mon · (610) 847-2530

Website

Directions
 
Delivery
 

Book online",,http://fcpros.com
Chimney sweep and fireplace service,Bushkill Falls PA,"TA Chimney Inspection & Chimney Cleaning Services , PA",,"TA Chimney Inspection & Chimney Cleaning Services , PA
TA Chimney Inspection & Chimney Cleaning Services , PA
4.6(14)
Paving contractor · 3286 Easton Ave
Open · Closes 9:30 PM · (610) 450-3379

Website

Directions
 
""Booking was easy, and their chimney sweep prices were fair and competitive.""",,http://localmaidquotes.com
Chimney sweep and fireplace service,Shawnee on Delaware PA,Smokepipe Chimney Techs LLC,,"Smokepipe Chimney Techs LLC
Smokepipe Chimney Techs LLC
5.0(141)
Chimney sweep · 117 Ridge Rd
Closed · Opens 8 AM Mon · (267) 382-3188

Website

Directions
 
Onsite services
·
Online estimates",,http://smokepipechimney.com
Chimney sweep and fireplace service,Blue Mountain Ski Area Palmerton PA,"SmokeyErase Experts Chimney & Fireplace Care in,",,"SmokeyErase Experts Chimney & Fireplace Care in,
SmokeyErase Experts Chimney & Fireplace Care in,
No reviews
Chimney sweep · 767 Franklin Ave
Closed · Opens 12 AM Mon · (610) 817-3508

Directions",,http://www.dexknows.com/kutztown-pa/bp/blue-mountain-chimney-sweep-7148240
Chimney sweep and fireplace service,Saw Creek Estates Bushkill PA,"""A"" Sweeping Beauty Chimney Professionals",,"""A"" Sweeping Beauty Chimney Professionals
""A"" Sweeping Beauty Chimney Professionals
5.0(1)
Chimney services
Open · Closes 5 PM · (570) 422-6975

Website

Directions
 
""Have been using A Sweeping Beauty for several years now.""",,http://localmaidquotes.com
Chimney sweep and fireplace service,Hemlock Farms Hawley PA,Evergreen Chimney & Home Improvement,,"Evergreen Chimney & Home Improvement
Evergreen Chimney & Home Improvement
2.9(20)
Chimney sweep
Closed · Opens 10 AM Mon · (570) 257-4635

Website

Directions
 
""Did I mention I called today and he came today great ppl extremely 👍 nice.""",,http://www.localmint.com/us/evergreen-chimney-inc-hawley-hours-985105
Chimney sweep and fireplace service,Indian Mountain Lake Lehighton PA,Clean Sweep Chimney Service,,"Clean Sweep Chimney Service
Clean Sweep Chimney Service
4.9(276)
Chimney sweep · 10 Kelshaw St
Closed · Opens 9 AM Mon · (570) 677-6534

Website

Directions
 
Onsite services not available",,http://www.cleansweep.ws
Septic pumping and inspection,Stroudsburg PA,De-Clog Plumbing Sewer-N-Drain,,"De-Clog Plumbing Sewer-N-Drain
De-Clog Plumbing Sewer-N-Drain
4.6(59)
Plumber
Open · Closes 12 AM · (570) 421-5525

Directions
 
""They were cheaper than a lot of other places and fixed the problem fast.""",,http://www.chamberofcommerce.com/business-directory/pennsylvania/stroudsburg/plumber/2003444637-de-clog-plumbing-sewer-n-drain
Septic pumping and inspection,Stroudsburg PA,Jeff Singer Septic Service,,"Jeff Singer Septic Service
Jeff Singer Septic Service
4.6(11)
Septic system service · 132 Sawmill Rd
Open · Closes 7 PM · (570) 236-8171

Directions
 
""Made an appointment to which he showed up promptly and did a great job.""",,http://www.2findlocal.com/b/12884031/jeff-singer-septic-service-stroudsburg-pa
Septic pumping and inspection,Stroudsburg PA,Allstate Septic Systems,,"Allstate Septic Systems
Allstate Septic Systems
4.4(16)
Septic system service
Open · Closes 12 AM · (570) 421-1156

Website

Directions
 
""I did so and it helped without needing the emergency pumping.""",,http://www.allstateseptic.com
Septic pumping and inspection,Stroudsburg PA,"Eric Bell's Septic Systems, Inc.",,"Eric Bell's Septic Systems, Inc.
Eric Bell's Septic Systems, Inc.
4.1(30)
Septic system service · 600 Sunset Rd
(570) 476-4053

Website

Directions
 
""He came out after dark and got my system temporarily up and running again.""",,http://www.ericbellseptic.com
Septic pumping and inspection,Stroudsburg PA,Borger Septic Inc,,"Borger Septic Inc
Borger Septic Inc
4.8(298)
Septic system service · RR 1
Open 24 hours · (570) 992-7502

Website

Directions
 
""Borger Septic is professional, does excellent work, and is efficient.""",,http://www.borgersepticservice.com
Septic pumping and inspection,Stroudsburg PA,Rob Moore & Son Septic Service LLC,,"Rob Moore & Son Septic Service LLC
Rob Moore & Son Septic Service LLC
5.0(40)
Septic system service
Open 24 hours · (570) 977-3533

Website

Directions
 
""These guys came out on a Sunday immediately.""",,http://mooresepticservice.com
Septic pumping and inspection,East Stroudsburg PA,"Eco American Pump & Plumbing, Inc.",,"Eco American Pump & Plumbing, Inc.
Eco American Pump & Plumbing, Inc.
3.6(40)
Plumber · 200 Airstrip Rd
Open 24 hours · (570) 588-2960

Website

Directions
 
Onsite services",,http://ecoamericanpumpinc.net
Septic pumping and inspection,Mount Pocono PA,Gotta Go Septic,,"Gotta Go Septic
Gotta Go Septic
4.1(115)
Septic system service ·  · 205 PA-196
Open 24 hours · (570) 894-8690

Website

Directions
 
""Driver explained what he was doing and how my tanks work .""",,http://gottagopotties.com/septic-services/
Septic pumping and inspection,Mount Pocono PA,American Pump Service,,"American Pump Service
American Pump Service
4.9(341)
Septic system service
Open 24 hours · (570) 236-3056

Website

Directions
 
""Showed up the next to inspect my septic and fixed it the following day.""",,http://www.americanpumpservices.com
Septic pumping and inspection,Mount Pocono PA,Ingrassia Excavating Inc. and Dumpster Rentals,,"Ingrassia Excavating Inc. and Dumpster Rentals
Ingrassia Excavating Inc. and Dumpster Rentals
4.9(37)
Septic system service · 174 Montanesca Rd
Open · Closes 7 PM · (570) 656-1356

Website

Directions
 
""Everything was inspected and approved by the township inspector immediately.""",,http://sourgum.com
Septic pumping and inspection,Jim Thorpe PA,George's Sewer & Drain Cleaning,,"George's Sewer & Drain Cleaning
George's Sewer & Drain Cleaning
4.6(31)
Septic system service · 371 Knoll Dr
Closed · Opens 8 AM Mon · (610) 377-1971

Website

Directions
 
""Marvin & his guy came out and was able to quickly diagnose the problem.""",,http://georgessewer.com
Septic pumping and inspection,Jim Thorpe PA,Kuhns Septic & Excavating,,"Kuhns Septic & Excavating
Kuhns Septic & Excavating
5.0(2)
Septic system service · 585 Elm St
Closed · Opens 7 AM Mon · (610) 379-0410

Website

Directions",,http://kuhnssepticandexcavating.com
Septic pumping and inspection,Jim Thorpe PA,Blue Ridge Sanitary Services,,"Blue Ridge Sanitary Services
Blue Ridge Sanitary Services
3.9(7)
Septic system service · 8950 Reservoir Rd
Open 24 hours · (610) 703-7652

Website

Directions",,http://blueridgesanitary.com
Septic pumping and inspection,Jim Thorpe PA,Barbosa Sewer and Drain,,"Barbosa Sewer and Drain
Barbosa Sewer and Drain
4.7(42)
Septic system service · 7490 Interchange Rd
Closed · Opens 8 AM Mon · (610) 681-6264

Website

Directions
 
""The technician that serviced the septic was very nice and did a great job.""",,http://barbosasepticservices.com/contact/
Septic pumping and inspection,Milford PA,"Tri-State Septic and Drain Cleaning, Pike County Excavating LLC",,"Tri-State Septic and Drain Cleaning, Pike County Excavating LLC
Tri-State Septic and Drain Cleaning, Pike County Excavating LLC
5.0(55)
Septic system service · 133 School House Dr
Open 24 hours · (570) 409-2298

Website

Directions
 
""Helped me figure out and understand my septic system and issues.""",,http://www.tristatessepticandsewer.com/about
Septic pumping and inspection,Milford PA,Septic Medic,,"Septic Medic
Septic Medic
4.2(36)
Septic system service · 123 Johnny Bee Rd
Open 24 hours · (570) 828-7444

Website

Directions
 
""They came very quickly, did everything professionally and efficiently.""",,http://www.asepticmedic.com/service
Septic pumping and inspection,Milford PA,M&S Septic Services,,"M&S Septic Services
M&S Septic Services
4.2(67)
Septic system service
Open 24 hours · (570) 491-2829

Website

Directions
 
""Their crew is highly skilled and efficient, very pleasant.""",,http://mssepticservices.com/ms-fav/
Septic pumping and inspection,Milford PA,River Valley Septic,,"River Valley Septic
River Valley Septic
5.0(100)
Septic system service ·  · 504 Easton Rd
Closed · Opens 8 AM Mon · (610) 749-2001

Website

Directions
 
""Easy to schedule the clean out and the technician was very knowledgeable.""",,http://www.rivervalleyseptic.com
Septic pumping and inspection,Milford PA,Cds Septic Services,,"Cds Septic Services
Cds Septic Services
5.0(8)
Septic system service · 120 Berger Rd
(570) 491-5300

Directions
 
""For whatever septic problem may come your way Cliff is there!""",,http://www.chamberofcommerce.com/united-states/pennsylvania/matamoras/septic-system-service/26721022-cds-septic-services
Septic pumping and inspection,Milford PA,Royal Flush Septic Services,,"Royal Flush Septic Services
Royal Flush Septic Services
5.0(25)
Septic system service
Open 24 hours · (570) 618-7548

Website

Directions
 
""His work was thorough, efficient, and his pricing was more than fair.""",,http://www.bizapedia.com/pa/royal-flush-septic-services-llc.html
Septic pumping and inspection,Hawley PA,"Koberlein, A Wind River Company",,"Koberlein, A Wind River Company
Koberlein, A Wind River Company
4.9(658)
Septic system service · 188 Beach Lake Hwy
Open 24 hours · (570) 671-2940

Website

Directions
 
""Mike Niper inspected our septic system and he was excellent.""",,http://www.wrenvironmental.com/nepa-catskills-region/
Septic pumping and inspection,Hawley PA,"Fenkner Septic, A Wind River Company",,"Fenkner Septic, A Wind River Company
Fenkner Septic, A Wind River Company
4.7(14)
Septic system service · 132 Shiny Mountain Rd
Open 24 hours · (570) 799-9658

Website

Directions
 
""Definitely will be using Fenkner Septic in the future.""",,http://www.wrenvironmental.com/monroe-county/about-us/
Septic pumping and inspection,Hawley PA,Avalanche Septic Services LLC,,"Avalanche Septic Services LLC
Avalanche Septic Services LLC
4.5(125)
Septic system service · 501 Hamlin Hwy Ste D
Open 24 hours · (570) 795-7088

Website

Directions
 
""The techs that came out were knowledgeable, professional and friendly.""",,http://www.avalancheseptic.com
Septic pumping and inspection,Hawley PA,Triple J Services,,"Triple J Services
Triple J Services
5.0(58)
Septic system service · 1319 Purdytown Turnpike
Open · Closes 5 PM · (845) 750-5222

Website

Directions
 
""Prices are fair and work is pristine!!""",,http://triplejservices.tech
Septic pumping and inspection,Hawley PA,ABS Septic,,"ABS Septic
ABS Septic
4.7(40)
Septic system service
Open 24 hours · (570) 955-6698

Website

Directions
 
""ABS Septic is fast, reliable, affordable and honest...""",,http://abssepticpa.com
Septic pumping and inspection,Lehighton PA,Sell's Septic Service,,"Sell's Septic Service
Sell's Septic Service
3.3(14)
Septic system service · 1020 Woodland Dr
Open 24 hours · (610) 767-0901

Directions",,http://www.superpages.com/nationwide/bpp/sells-septic-service-560209491
Septic pumping and inspection,Lehighton PA,Amey's Clean Rite,,"Amey's Clean Rite
Amey's Clean Rite
4.6(9)
Septic system service · 4447 W Mountain View Dr
Open · Closes 9 PM · (610) 767-4313

Website

Directions",,http://www.ameyscleanriteseptic.com
Septic pumping and inspection,Lehighton PA,Kratzer Septic Service,,"Kratzer Septic Service
Kratzer Septic Service
4.9(334)
Septic system service · 501B Monocacy Dr
Closed · Opens 7:30 AM Mon · (610) 837-1291

Website

Directions
 
""Tony was very professional and thoroughly explained my septic system to me.""",,http://kratzerseptic.com
Septic pumping and inspection,Lehighton PA,Biros Septic & Drain Cleaning,,"Biros Septic & Drain Cleaning
Biros Septic & Drain Cleaning
4.6(10)
Septic system service
(570) 668-4703

Website

Directions",,http://www.birosseptic.com
Septic pumping and inspection,Honesdale PA,J. Schwartz Septic Services Inc,,"J. Schwartz Septic Services Inc
J. Schwartz Septic Services Inc
5.0(36)
Septic system service
Open 24 hours · (570) 470-2327

Website

Directions
 
""... showed up early, did a thorough inspection and emptied our septic.""",,http://www.schwartzseptic.com
Septic pumping and inspection,Honesdale PA,Butlers Septic Services,,"Butlers Septic Services
Butlers Septic Services
4.1(49)
Septic system service · 100 Homers Pl
(570) 689-2952

Directions
 
""... out on a weekend during a rain storm to evaluate our septic issue.""",,http://www.septic.com/septic-services/pennsylvania/jefferson-township/butlers-septic-services/
Septic pumping and inspection,Blakeslee PA,"Magnus Mechanical Well, Grinder & Septic Service",,"Magnus Mechanical Well, Grinder & Septic Service
Magnus Mechanical Well, Grinder & Septic Service
5.0(346)
Septic system service ·  · 2855 Allegheny Dr
Open 24 hours · (570) 664-0747

Website

Directions
 
""They came and assessed the issues with our well.""
 

Book online",,http://www.magnus-mechanical.com
Septic pumping and inspection,Blakeslee PA,"Extreme Home Services, LLC",,"Extreme Home Services, LLC
Extreme Home Services, LLC
5.0(12)
Septic system service · 4 Sunshine Dr
Closed · Opens 8 AM Mon · (570) 578-7049

Website

Directions
 
""They did everything I asked, and quickly found the leak and fixed it.""",,http://www.extreme-homeservices.com
Septic pumping and inspection,Lake Ariel PA,William Elston Septic Tanks,,"William Elston Septic Tanks
William Elston Septic Tanks
4.3(17)
Septic system service · 481 Cortez Rd
Closed · Opens 7 AM Mon · (570) 689-2203

Directions",,http://septictankpro.com/business/elston-william-septic-tanks-pa-26018103/
Septic pumping and inspection,Saylorsburg PA,Ecke Septic Service,,"Ecke Septic Service
Ecke Septic Service
4.4(8)
Septic system service · 108 Ecke Ln
(570) 992-8265

Directions",,http://www.superpages.com/saylorsburg-pa/bpp/ecke-septic-service-535603330
Septic pumping and inspection,Bushkill Falls PA,Superior Septic,,"Superior Septic
Superior Septic
4.8(22)
Septic system service ·  · 12 Fox Farm Rd
Open 24 hours · (908) 387-0333

Website

Directions
 
Onsite services
·
Online estimates",,http://www.superior-septic.net
Septic pumping and inspection,Shawnee on Delaware PA,"Delaware Valley Septic, Sewer & Storm",,"Delaware Valley Septic, Sewer & Storm
Delaware Valley Septic, Sewer & Storm
4.9(431)
Septic system service · 504 Eagle Rd Ste B
Open 24 hours · (610) 471-4770

Website

Directions
 
""Jim came out yesterday and did an inspection on my septic system.""
 

Book online",,http://www.delvalseptics.com
Septic pumping and inspection,Resica Falls PA,Septix,,"Septix
Septix
4.9(75)
Septic system service · 455 Texas Rd
Closed · Opens 8 AM Mon · (610) 703-2634

Website

Directions
 
Onsite services
·
Online estimates
 

Book online",,http://septix.com
Septic pumping and inspection,Pocono Ranch Lands East Stroudsburg PA,Pocono Well & Pump Service,,"Pocono Well & Pump Service
Pocono Well & Pump Service
4.6(101)
Well drilling contractor · 2511 Clearview Ave
Closed · Opens 7 AM Mon · (570) 243-1679

Website

Directions
 
""The guys were knowledgeable, efficient and did a great job.""",,http://poconowellandpump.com
Septic pumping and inspection,Hideout Lake Ariel PA,Sonlight Services LLC,,"Sonlight Services LLC
Sonlight Services LLC
5.0(1,082)
Septic system service · 54 Midway Rd
Closed · Opens 7 AM Mon · (717) 936-9248

Website

Directions
 
""Would recommend this company for septic cleanout and inspection""",,http://sonlightservices.com
Septic pumping and inspection,Hideout Lake Ariel PA,D&R Septic Service,,"D&R Septic Service
D&R Septic Service
5.0(11)
Septic system service
Closed · Opens 7 AM Mon · (973) 390-6763

Directions
 
""The next day they came out pumped my septic.""",,http://drsepticservices.com
Window cleaning and power washing,Stroudsburg PA,Ed's Pressure Washing,,"Ed's Pressure Washing
Ed's Pressure Washing
4.7(104)
Pressure washing service · 6071 Cherry Valley Rd
(570) 977-5022

Website

Directions
 
""They do excellent work and the nicest people too meet!!!""",,http://www.edspressurewashing.com
Window cleaning and power washing,Stroudsburg PA,Nui's Power Wash,,"Nui's Power Wash
Nui's Power Wash
5.0(61)
Window cleaning service · 2115 White Oaks Terrace
Closed · Opens 7 AM Mon · (570) 242-5288

Website

Directions
 
Online estimates",,http://nuispowerwash.com
Window cleaning and power washing,Stroudsburg PA,Window Genie of Poconos,,"Window Genie of Poconos
Window Genie of Poconos
4.9(204)
Window cleaning service
Open 24 hours · (570) 203-1021

Website

Directions
 
""I’m extremely happy with the power washing and window cleaning.""",,http://www.windowgenie.com/locations/pennsylvania/poconos/contact-us/
Window cleaning and power washing,Stroudsburg PA,East Stroudsburg Power Washing and Roof Washing,,"East Stroudsburg Power Washing and Roof Washing
East Stroudsburg Power Washing and Roof Washing
5.0(5)
Pressure washing service · Park Ln
Closed · Opens 8 AM Mon · (570) 426-0327

Website

Directions
 
Onsite services
·
Online estimates",,http://www.poconoroofclean.com/about-us
Window cleaning and power washing,Stroudsburg PA,Capps Power Washing,,"Capps Power Washing
Capps Power Washing
5.0(42)
Pressure washing service
Open 24 hours · (908) 848-7133

Website

Directions
 
Online estimates",,http://cappspowerwashing.com/stroudsburg-pa/
Window cleaning and power washing,Stroudsburg PA,Wash,,"Wash
Wash
5.0(210)
Window cleaning service · 610 S 14th St
Open 24 hours · (484) 246-8567

Website

Directions
 
""I recommend this company for power washing and window cleaning.""",,http://www.stroudsburgboro.com/sbpa/
Window cleaning and power washing,East Stroudsburg PA,GreenGo Property Services,,"GreenGo Property Services
GreenGo Property Services
5.0(36)
Pressure washing service · 4415 Woodside Dr
Closed · Opens 8 AM Mon · (570) 994-5884

Website

Directions
 
""I highly recommend Eric for any power washing and roof cleaning needs.""",,http://www.greengoproservice.com
Window cleaning and power washing,Mount Pocono PA,Soft Wash Exteriors of Pocono Lake,,"Soft Wash Exteriors of Pocono Lake
Soft Wash Exteriors of Pocono Lake
5.0(51)
Window cleaning service · 173 Tommy's Ln
Closed · Opens 8 AM Mon · (570) 599-1877

Website

Directions
 
Online estimates
·
Onsite services not available",,http://www.softwashpoconos.com
Window cleaning and power washing,Mount Pocono PA,Mist A Spot! Pressure Washing!,,"Mist A Spot! Pressure Washing!
Mist A Spot! Pressure Washing!
5.0(36)
Pressure washing service
Open 24 hours · (570) 534-0488

Website

Directions
 
""House looks like NEW.""",,http://www.mistaspotpressurewashing.com
Window cleaning and power washing,Jim Thorpe PA,Exterior Cleaning Pros,,"Exterior Cleaning Pros
Exterior Cleaning Pros
5.0(65)
Pressure washing service · 44 Wertman Rd
Closed · Opens 7 AM Mon · (570) 952-4668

Website

Directions
 
""I highly recommend him for your exterior cleaning needs.""",,http://www.exteriorcleaningpros.com
Window cleaning and power washing,Milford PA,HydroBrite Power Washing & Exterior Cleaning,,"HydroBrite Power Washing & Exterior Cleaning
HydroBrite Power Washing & Exterior Cleaning
5.0(165)
Window cleaning service
Open 24 hours · (215) 444-3531

Website

Directions
 
""Not only was the power washing done well, the customer service is excellent!""",,http://hydrobritepa.com
Window cleaning and power washing,Milford PA,Refresh Power Washing,,"Refresh Power Washing
Refresh Power Washing
4.8(94)
Window cleaning service · 284 Nazareth Pike
Closed · Opens 8 AM Mon · (484) 892-9831

Website

Directions
 
""The team did an amazing job power washing the exterior of our home.""
 

Book online",,http://refreshwashingpa.com
Window cleaning and power washing,Milford PA,A&M Spotless,,"A&M Spotless
A&M Spotless
4.9(46)
Pressure washing service · 1720 Callone Ave
Closed · Opens 9 AM Mon · (484) 255-4478

Website

Directions
 
""Very reliable and efficient power wash company.""",,http://www.amspotless.com/near-me
Window cleaning and power washing,Milford PA,"Dapper Home Services, LLC",,"Dapper Home Services, LLC
Dapper Home Services, LLC
5.0(123)
Window cleaning service
Closed · Opens 8 AM Mon · (908) 590-6795

Website

Directions
 
""Highly recommend for a top-quality, friendly power washing experience!""",,http://dapperwash.com
Window cleaning and power washing,Milford PA,"Malone's Cleaning Services, LLC",,"Malone's Cleaning Services, LLC
Malone's Cleaning Services, LLC
4.9(174)
Window cleaning service
Closed · Opens 8 AM Mon · (484) 519-0181

Website

Directions
 
""I had the house power washed, outside windows cleaned and gutters cleaned.""",,http://www.malonescleaning.com
Window cleaning and power washing,Hawley PA,R&R Pressure Washing & Painting,,"R&R Pressure Washing & Painting
R&R Pressure Washing & Painting
5.0(78)
Window cleaning service
Closed · Opens 8:30 AM Mon · (570) 390-0480

Website

Directions
 
""Nick and Trevor showed up early and did a great job cleaning my house!!""",,http://www.rrpw.org
Window cleaning and power washing,Hawley PA,Dan Wagner Window Cleaning,,"Dan Wagner Window Cleaning
Dan Wagner Window Cleaning
5.0(187)
Window cleaning service
Closed · Opens 8 AM Mon · (570) 630-0326

Website

Directions
 
""The window cleaning was done very well and completed expeditiously.""",,http://danwagnerwindowcleaning.com/service-area/hawley-pa/
Window cleaning and power washing,Hawley PA,Wash Me Power Washing,,"Wash Me Power Washing
Wash Me Power Washing
5.0(27)
Window cleaning service
Closed · Opens 8 AM Mon · (570) 766-1812

Website

Directions
 
Online estimates",,http://www.washmenepa.com
Window cleaning and power washing,Hawley PA,Pro Clean Services NEPA,,"Pro Clean Services NEPA
Pro Clean Services NEPA
5.0(16)
Window cleaning service
Open 24 hours · (570) 470-4330

Website

Directions
 
""They did excellent work and cleaning our windows.""",,http://www.procleanservicesnepa.com/about
Window cleaning and power washing,Tobyhanna PA,Pocono Window Cleaning LLC,,"Pocono Window Cleaning LLC
Pocono Window Cleaning LLC
5.0(7)
Window cleaning service · 100 Brookview Ln
Closed · Opens 5 AM Mon · (570) 362-4565

Directions
 
""They cleaned all the screens, sills, windows and even skylights!""",,http://www.findglocal.com/US/Greentown/599249466611665/Pocono-Window-Cleaning-LLC
Window cleaning and power washing,Lehighton PA,Great Dane Power Wash,,"Great Dane Power Wash
Great Dane Power Wash
5.0(417)
Pressure washing service · 345 E Elm St
Open 24 hours · (570) 778-9781

Directions
 
Onsite services
·
Online estimates",,http://www.chamberofcommerce.com/business-directory/pennsylvania/tamaqua/pressure-washing-service/2017172691-great-dane-power-wash
Window cleaning and power washing,Lehighton PA,Mister Kleen Window Cleaning,,"Mister Kleen Window Cleaning
Mister Kleen Window Cleaning
5.0(3)
Window cleaning service · 3255 Horseshoe Rd
Open 24 hours · (610) 216-6946

Directions",,http://www.misterkleen.com/window-cleaning-is-a-specialty-service-that-must-be-done-correctly/
Window cleaning and power washing,Lehighton PA,Lux pane window cleaning,,"Lux pane window cleaning
Lux pane window cleaning
5.0(1)
Window cleaning service
Closed · Opens 9 AM Mon · (929) 742-4178

Website

Directions
 
""Lux pane window cleaners did an outstanding job!""",,http://www.luxpanewindowcleaning.com
Window cleaning and power washing,Blakeslee PA,Wet Windows LLc,,"Wet Windows LLc
Wet Windows LLc
5.0(142)
Window cleaning service · 184 Wilkes Barre Township Blvd
Closed · Opens 8 AM Mon · (570) 235-8528

Website

Directions
 
Onsite services
·
Online estimates",,http://www.wetwindowsguy.com
Window cleaning and power washing,Blakeslee PA,Summit Soft Wash,,"Summit Soft Wash
Summit Soft Wash
5.0(103)
Window cleaning service · 91 Patriot Cir
Closed · Opens 7 AM Mon · (570) 243-9116

Website

Directions
 
""My house looks brand new after the pressure washing.""",,http://www.summitsoftwashpa.com
Window cleaning and power washing,Blakeslee PA,ProClean Pressure Washing,,"ProClean Pressure Washing
ProClean Pressure Washing
5.0(143)
Pressure washing service
Open 24 hours · (484) 793-3554

Website

Directions
 
Online estimates
 

Book online",,http://procleanpw.com
Window cleaning and power washing,Lake Wallenpaupack PA,Mighty Clean House Wash,,"Mighty Clean House Wash
Mighty Clean House Wash
5.0(289)
Pressure washing service
Closed · Opens 7 AM Mon · (570) 430-0039

Website

Directions
 
""My house looks like a brand new after Mighty Clean House Wash.""",,http://mightycleanhousewash.com
Window cleaning and power washing,Lake Wallenpaupack PA,Coligan Window Cleaning,,"Coligan Window Cleaning
Coligan Window Cleaning
5.0(42)
Window cleaning service
Closed · Opens 6 AM Mon · (570) 229-3610

Website

Directions
 
""The window cleaning and power washing came out amazing.""",,http://coliganwindowcleaning.com
Window cleaning and power washing,Arrowhead Lake Albrightsville PA,UpRight Power Washing LLC,,"UpRight Power Washing LLC
UpRight Power Washing LLC
5.0(22)
Pressure washing service
Open 24 hours · (570) 534-1161

Website

Directions
 
""Windows and entire exterior are so clean and sparkling!""",,http://powerwashmaps.com/pressure-washing-services/upright-power-washing-llc
Window cleaning and power washing,Arrowhead Lake Albrightsville PA,Doyle's Professional Services LLC,,"Doyle's Professional Services LLC
Doyle's Professional Services LLC
5.0(24)
Window cleaning service · 3620 Blytheburn Rd
Closed · Opens 8 AM Mon · (570) 230-4206

Website

Directions
 
""Professional, courteous, priced reasonably, showed up on time,cleaned up""",,http://doyleproservice.com
Window cleaning and power washing,Bushkill Falls PA,Cleber's Window Cleaning,,"Cleber's Window Cleaning
Cleber's Window Cleaning
5.0(5)
Window cleaning service · 277 Washington St
(908) 482-2492

Website

Directions
 
""He was on time and on point with being neat and efficient.""",,http://www.bbb.org/us/pa/bushkill/category/window-cleaning
Window cleaning and power washing,Bushkill Falls PA,Above and Beyond Cleaning & Restoration LLC,,"Above and Beyond Cleaning & Restoration LLC
Above and Beyond Cleaning & Restoration LLC
4.9(73)
Window cleaning service · 402A Thomas St
Closed · Opens 8 AM Mon · (908) 343-7005

Website

Directions
 
Online estimates",,http://www.aboveandbeyondcleanllc.com
Window cleaning and power washing,Shawnee on Delaware PA,Total Power Wash,,"Total Power Wash
Total Power Wash
5.0(213)
Window cleaning service
Open 24 hours · (302) 306-9632

Website

Directions
 
""... Power Wash did an excellent job on my home...porch and windows!""
 

Book online",,http://totalpowerwash.com
Window cleaning and power washing,Shawnee on Delaware PA,Pressure Brothers,,"Pressure Brothers
Pressure Brothers
5.0(506)
Pressure washing service
Closed · Opens 8 AM Mon · (610) 417-7335

Website

Directions
 
""They also use a 2 step cleaning process and not just power washing.""",,http://www.pressurebrothers.com/contact-us
Window cleaning and power washing,Camelback Resort Tannersville PA,Cal Shine Window Cleaning and Pressure Washing,,"Cal Shine Window Cleaning and Pressure Washing
Cal Shine Window Cleaning and Pressure Washing
5.0(82)
Window cleaning service · 4895 Hansell Rd
Open · Closes 5 AM Mon · (215) 779-5811

Website

Directions
 
""They left my windows spotless and very clean compared to what they were.""",,http://calshine.us
Window cleaning and power washing,Resica Falls PA,"A&S Power Washing, LLC",,"A&S Power Washing, LLC
A&S Power Washing, LLC
5.0(49)
Window cleaning service
Closed · Opens 8 AM Mon · (484) 903-3216

Website

Directions
 
Online estimates",,http://www.aspowerwash.com
Window cleaning and power washing,Saw Creek Estates Bushkill PA,ShineWise Pressure Washing,,"ShineWise Pressure Washing
ShineWise Pressure Washing
5.0(4)
Window cleaning service
Closed · Opens 9 AM Mon · (570) 977-8023

Website

Directions
 
""Used them to clean up the outside of our shop, highly recommend""",,http://sawcreek.org/rules-and-regulations/
Window cleaning and power washing,Hemlock Farms Hawley PA,Regenski's Pressure Washing,,"Regenski's Pressure Washing
Regenski's Pressure Washing
5.0(38)
House cleaning service
Closed · Opens 8 AM Mon · (570) 390-9080

Website

Directions
 
""His work was quick, efficient, and extremely effective and affordable.""
 

Book online",,http://www.hemlockfarms.org
Property Management and Co-Hosting,Stroudsburg PA,Forteca Estate,,"Forteca Estate
Forteca Estate
4.9(41)
Property management company · 814 Monroe St #205
Open 24 hours · (347) 556-0089

Website

Directions
 
""Great service and excellent choice of add on to the cabins.""",,http://www.fortecaestate.com
Property Management and Co-Hosting,Stroudsburg PA,Pocono Lodging Co.,,"Pocono Lodging Co.
Pocono Lodging Co.
5.0(15)
Property management company · 1460 Waterfront Dr
Open 24 hours · (425) 406-0123

Website

Directions
 
""Hosts are incredible, great communication and helpful with all of our needs.""",,http://www.poconolodging.co/rentals
Property Management and Co-Hosting,Stroudsburg PA,D-N-A Property Management Co.,,"D-N-A Property Management Co.
D-N-A Property Management Co.
4.3(206)
Property management company ·  · 2818 PA-611
Closed · Opens 9 AM Mon · (570) 424-8131

Website

Directions
 
""The site they use is easy and they are always around to help!""",,http://www.dnaprop.com
Property Management and Co-Hosting,Stroudsburg PA,Bulldog Realty and Property Management,,"Bulldog Realty and Property Management
Bulldog Realty and Property Management
5.0(56)
Real estate rental agency · 109 Clubhouse Ct
Closed · Opens 10:30 AM Mon · (570) 872-9272

Website

Directions
 
""The property is exactly what I need for my small family and pets.""",,http://www.bulldog-realty.com
Property Management and Co-Hosting,Stroudsburg PA,FirstService Residential Stroudsburg,,"FirstService Residential Stroudsburg
FirstService Residential Stroudsburg
4.0(28)
Property management company · 106 Columbia Dr Ste 3
Closed · Opens 9 AM Mon · (570) 842-0321

Website

Directions
 
""The management has far exceeded my expectations.""",,http://www.fsresidential.com/pennsylvania/offices/east-stroudsburg-property-management/
Property Management and Co-Hosting,Stroudsburg PA,Ideal Property Management,,"Ideal Property Management
Ideal Property Management
4.7(6)
Property management company · 70 Arrowwood Rd
Open 24 hours · (570) 213-9022

Website

Directions
 
""Danielle did an outstanding job managing our property.""",,http://idealpm.com
Property Management and Co-Hosting,Mount Pocono PA,Poconos Vacation Rental Management by Hyatus Stays,,"Poconos Vacation Rental Management by Hyatus Stays
Poconos Vacation Rental Management by Hyatus Stays
4.9(27)
Property management company · 3169 Spruce Cabin Rd Mountainhome
Open 24 hours · (201) 701-3713

Website

Directions
 
""The host was friendly and responsive.""",,http://www.hyatus.com/vacation-rental-management/pocono-mountains-pennsylvania
Property Management and Co-Hosting,Mount Pocono PA,Pocono STR Management,,"Pocono STR Management
Pocono STR Management
5.0(1)
Property management company · 214 Annette Marie Dr
Open 24 hours · (570) 213-1590

Website

Directions",,http://www.poconostrmanagement.com/faq-s
Property Management and Co-Hosting,Mount Pocono PA,VR Pocono,,"VR Pocono
VR Pocono
5.0(15)
Property management company · 222 Tepee Dr
Open 24 hours · (570) 972-0022

Website

Directions
 
""Love it, great communication with management and beautiful place!""",,http://mountpocono-pa.gov
Property Management and Co-Hosting,Mount Pocono PA,Pocono Property Management,,"Pocono Property Management
Pocono Property Management
5.0(4)
Property management company · 5626 PA-115
Open 24 hours · (570) 478-1434

Website

Directions
 
Onsite services
·
Online appointments",,http://pmpocono.com
Property Management and Co-Hosting,Mount Pocono PA,Pocono Rentals & Management,,"Pocono Rentals & Management
Pocono Rentals & Management
4.8(56)
Property management company · 248 PA-940 Ste 97
(570) 243-0243

Website

Directions
 
Online appointments",,http://www.poconorentalmanagement.com
Property Management and Co-Hosting,Jim Thorpe PA,"Golden Door Property Management, LLC",,"Golden Door Property Management, LLC
Golden Door Property Management, LLC
5.0(1)
Property management company · 1018 Interchange Rd
Closed · Opens 8 AM Mon · (855) 437-3687

Website

Directions",,http://www.goldendoorpm.com
Property Management and Co-Hosting,Jim Thorpe PA,Black Rock Property Management LLC,,"Black Rock Property Management LLC
Black Rock Property Management LLC
3.9(78)
Property management company · 1001 Industrial Rd
Closed · Opens 8 AM Mon · (570) 203-1685

Website

Directions
 
""One of the best property management companies I've ever rented from!""",,http://blackrockpa.com
Property Management and Co-Hosting,Jim Thorpe PA,Pocono Mountain Rentals,,"Pocono Mountain Rentals
Pocono Mountain Rentals
4.8(307)
Property management company ·  · 264 Lake Harmony Rd
Open 24 hours · (215) 489-3206

Website

Directions
 
""Very easy to work with , great amenities and homes & prompt follow up""",,http://www.poconomountainrentals.com
Property Management and Co-Hosting,Jim Thorpe PA,Wander Home,,"Wander Home
Wander Home
4.8(420)
Property management company
Open 24 hours · (267) 921-1787

Website

Directions
 
""Wander is a great service for both the host and people that are renting.""",,http://www.wander.com/pennsylvania/jim-thorpe
Property Management and Co-Hosting,Hawley PA,Masthope Mountain Community Property Management,,"Masthope Mountain Community Property Management
Masthope Mountain Community Property Management
3.6(20)
Property management company · 196 Karl Hope Blvd
Closed · Opens 9 AM Mon · (570) 685-4790

Website

Directions
 
""Pros:
Location
Amenities.""",,http://masthope.org/resources/
Property Management and Co-Hosting,Lehighton PA,Epic Property Management,,"Epic Property Management
Epic Property Management
4.5(2)
Property management company · 4531 Lehigh Dr Ste. 7
Closed · Opens 8 AM Mon · (610) 760-0600

Website

Directions",,http://epicpropertymanagementpa.com
Property Management and Co-Hosting,Lehighton PA,Castle Gate Realty Lehighton,,"Castle Gate Realty Lehighton
Castle Gate Realty Lehighton
5.0(110)
Real estate agency · 238 N 1st St
Open 24 hours · (610) 379-3524

Website

Directions
 
Onsite services
·
Online appointments",,http://www.castleconfident.com
Property Management and Co-Hosting,Honesdale PA,Rentals NEPA LLC,,"Rentals NEPA LLC
Rentals NEPA LLC
5.0(2)
Vacation home rental agency · 1225 Main St
Open 24 hours · (570) 470-5486

Website

Directions",,http://www.rentalsnepa.com
Property Management and Co-Hosting,Honesdale PA,Jeremy Watson - Real Estate Agent - SIX PM LLC,,"Jeremy Watson - Real Estate Agent - SIX PM LLC
Jeremy Watson - Real Estate Agent - SIX PM LLC
4.8(20)
Real estate agency · 801 Court St
Closed · Opens 9 AM Mon · (570) 352-5162

Website

Directions
 
""Working with Jeremy on our second house, and they both sold within a week.""",,http://thesixpm.com
Property Management and Co-Hosting,Honesdale PA,CG's Vacation Rental Property Management,,"CG's Vacation Rental Property Management
CG's Vacation Rental Property Management
No reviews
Property management company · 513 Easton Turnpike
(570) 390-0874

Website

Directions
 

Book online",,http://cgsvacationrentals.com
Property Management and Co-Hosting,Saylorsburg PA,Cozy Nests Properties,,"Cozy Nests Properties
Cozy Nests Properties
4.6(11)
Property management company
Permanently closed · (570) 517-9972

Website

Directions
 
""Our property is well taken care of and our guests are very happy.""",,http://www.findglocal.com/US/Unknown/105895655807612/Cozy-Nests-Properties
Property Management and Co-Hosting,Albrightsville PA,Galvanized Property Management,,"Galvanized Property Management
Galvanized Property Management
4.4(26)
Property management company · 3856 PA-903
Closed · Opens 8 AM · (570) 972-9588

Website

Directions
 
""... mean property management, property improvements and real estate.""",,http://www.galvanizedmanagement.com
Property Management and Co-Hosting,Lake Wallenpaupack PA,Lake Wallenpaupack Airbnb Cabin,,"Lake Wallenpaupack Airbnb Cabin
Lake Wallenpaupack Airbnb Cabin
5.0(11)
Short term apartment rental agency · 892 PA-507
Open 24 hours · (610) 533-6886

Directions
 
""Comfortable bed, excellent backyard, and lake views.""",,http://hometogo.com
Property Management and Co-Hosting,Bushkill Falls PA,Pocono Airbnb Management,,"Pocono Airbnb Management
Pocono Airbnb Management
5.0(2)
Property management company
Open 24 hours · (570) 209-8385

Website

Directions",,http://www.airbnb.com/rooms/1229063708283824638
Property Management and Co-Hosting,Camelback Resort Tannersville PA,Camelback Vacation Rental,,"Camelback Vacation Rental
Camelback Vacation Rental
5.0(3)
Vacation home rental agency · 456 Maple Ct
Open 24 hours · (718) 887-6397

Website

Directions
 
""It is located down the road from camelback which is only a 3 min drive.""",,http://www.camelbackresort.com
Property Management and Co-Hosting,Camelback Resort Tannersville PA,The Village at Camelback,,"The Village at Camelback
The Village at Camelback
4.3(77)
Homeowners' association ·  · 601 Camelback Rd
Open · Closes 3 AM · Reopens 9 AM · (570) 629-5433

Website

Directions
 
""... miles to the north from the top, and right on Camelback Mountain.""",,http://villageatcamelback.connectresident.com
Property Management and Co-Hosting,Camelback Resort Tannersville PA,OLB Properties LLC,,"OLB Properties LLC
OLB Properties LLC
5.0(16)
Holiday apartment rental · 112 Cross Country Ln
(631) 487-6631

Website

Directions
 
""Host is very responsive, highly recommended""",,http://olb-properties.com
Property Management and Co-Hosting,Camelback Resort Tannersville PA,The Condo at Camelback,,"The Condo at Camelback
The Condo at Camelback
No reviews
Vacation home rental agency · 337 Poplar Ct
(570) 243-9843

Website

Directions",,http://www.camelbackresort.com/condos
Property Management and Co-Hosting,Blue Mountain Ski Area Palmerton PA,Blue Mountain Vacation Home,,"Blue Mountain Vacation Home
Blue Mountain Vacation Home
No reviews
Cabin rental agency · 2110 Little Gap Rd
Open 24 hours

Website

Directions",,http://www.skibluemt.com
Property Management and Co-Hosting,Blue Mountain Ski Area Palmerton PA,Blue Mountain Vacation Home by Palmerton 46 Acres Hiking Trails Pickleball Court,,"Blue Mountain Vacation Home by Palmerton 46 Acres Hiking Trails Pickleball Court
Blue Mountain Vacation Home by Palmerton 46 Acres Hiking Trails Pickleball Court
5.0(472)
Cottage
Sleeps 12 • 3 bedrooms • 5 beds

Directions
 

Free parking

Free Wi-Fi

Air-conditioned

Wi-Fi",,http://www.vrbo.com/1762782
Property Management and Co-Hosting,Blue Mountain Ski Area Palmerton PA,All County Lehigh Valley Property Management,,"All County Lehigh Valley Property Management
All County Lehigh Valley Property Management
4.9(56)
Property management company · 85 E Broad St Ste A
Closed · Opens 9 AM · (484) 261-6800

Website

Directions
 
Onsite services
·
Online appointments",,http://allcountyprop.com/locations/pennsylvania/bethlehem/
Property Management and Co-Hosting,Resica Falls PA,Private property,,"Private property
Private property
4.7(6)
Scouting · 1200 Resica Falls Rd
Permanently closed

Directions",,http://resicafalls.org
Property Management and Co-Hosting,Marshalls Creek PA,Marshalls Creek Extended Stay,,"Marshalls Creek Extended Stay
Marshalls Creek Extended Stay
3.8(4)
Housing complex · 2309 Milford Rd
Open 24 hours · (570) 872-9272

Directions
 
""Great property for extended stays!""",,http://www.airbnb.com/marshalls-creek-pa/stays/monthly
Property Management and Co-Hosting,Saw Creek Estates Bushkill PA,Saw Creek Estates Community Association,,"Saw Creek Estates Community Association
Saw Creek Estates Community Association
4.2(340)
Association / Organization ·  · 5728 Decker Rd
Closed · Opens 9 AM · (570) 588-9329

Website

Directions
 
""Love living here, good people, staff and management team""",,http://sawcreek.org
Property Management and Co-Hosting,Saw Creek Estates Bushkill PA,Saw Creek Real Estate,,"Saw Creek Real Estate
Saw Creek Real Estate
4.7(75)
Real estate agent ·  · 5310 Winona Falls Rd #102
Closed · Opens 9 AM · (570) 588-8001

Website

Directions
 
""Saw Creek Real Estate was very helpful and informative.""",,http://sawcreek.org/real-estate-for-sale/
Property Management and Co-Hosting,Saw Creek Estates Bushkill PA,Saw Creek Property,,"Saw Creek Property
Saw Creek Property
4.7(6)
Real estate agency ·  · Stafford Dr
(570) 588-6946

Website

Directions",,http://sawcreek.org/real-estate-for-sale/
Property Management and Co-Hosting,Saw Creek Estates Bushkill PA,Saw Creek Estates Main Gate,,"Saw Creek Estates Main Gate
Saw Creek Estates Main Gate
3.9(32)
Housing development ·  · Decker Rd
Closed · Opens 9 AM · (570) 588-5151

Website

Directions
 
""This is the gate to a gated community.""",,http://sawcreek.org/gates/
Property Management and Co-Hosting,Tanglwood Lakes Greentown PA,Lakeside Home Rentals,,"Lakeside Home Rentals
Lakeside Home Rentals
4.0(1)
Real estate agency · 100 Apple Dr
(570) 698-7707

Directions",,http://anchorsandacres.com/lake-communities/tanglewood-lakes/
Property Management and Co-Hosting,Tanglwood Lakes Greentown PA,Century 21 Country Lake Homes,,"Century 21 Country Lake Homes
Century 21 Country Lake Homes
4.5(8)
Real estate agency ·  · 1401 PA-507 Ste 6
Closed · Opens 9 AM · (570) 676-4900

Website

Directions
 
""They are helping me find a rental.""",,http://www.c21poconos.com/tanglwood-lakes-real-estate/
Property Management and Co-Hosting,Tanglwood Lakes Greentown PA,Green Road Property Management,,"Green Road Property Management
Green Road Property Management
No reviews
Property management company · 1361 PA-507 unit 4
Closed · Opens 9 AM · (570) 676-6855

Website

Directions",,http://greenroadpropertymanagement.com/contact/
Property Management and Co-Hosting,Tanglwood Lakes Greentown PA,Lakehouse Property Management,,"Lakehouse Property Management
Lakehouse Property Management
4.1(7)
Property management company
Closed · Opens 8 AM · (484) 334-4773

Website

Directions",,http://anchorsandacres.com/lake-communities/tanglewood-lakes/
Property Management and Co-Hosting,Hemlock Farms Hawley PA,Hemlock Farms MAIN ENTRANCE,,"Hemlock Farms MAIN ENTRANCE
Hemlock Farms MAIN ENTRANCE
4.1(79)
Gated community ·  · 1007 Hemlock Farms Rd
(570) 775-4200

Website

Directions
 
""Close to the highway, active bears within the community and other wildlife.""",,http://www.hemlockfarms.org
Property Management and Co-Hosting,Hemlock Farms Hawley PA,Hemlock Farms Community Association,,"Hemlock Farms Community Association
Hemlock Farms Community Association
4.4(98)
Homeowners' association ·  · 119 Lookout Dr
Closed · Opens 9 AM · (570) 775-4200

Website

Directions",,http://www.hemlockfarms.org
Property Management and Co-Hosting,Hemlock Farms Hawley PA,Hemlock Farms Real Estate,,"Hemlock Farms Real Estate
Hemlock Farms Real Estate
No reviews
Real estate agency · 631 PA-739
(570) 234-4055

Directions",,http://www.hemlockfarms.org
Property Management and Co-Hosting,Hemlock Farms Hawley PA,Hemlock Farms Steer Barn Clubhouse,,"Hemlock Farms Steer Barn Clubhouse
Hemlock Farms Steer Barn Clubhouse
4.6(196)
Community center ·  · 101 Basswood Dr
(570) 775-6034

Website

Directions
 
""I love everything about Hemlock Farms.""",,http://www.hemlockfarms.org/steerbarn-clubhouse
Property Management and Co-Hosting,Pocono Ranch Lands East Stroudsburg PA,NEPA Management Associates Inc,,"NEPA Management Associates Inc
NEPA Management Associates Inc
3.1(14)
Property management company · BHG Business Campus, 7164 US-209 BUS
Closed · Opens 8:30 AM · (570) 421-5409

Website

Directions
 
Onsite services
·
Online appointments",,http://www.nepamgmt.com
Property Management and Co-Hosting,Hideout Lake Ariel PA,Property in the Hideout,,"Property in the Hideout
Property in the Hideout
No reviews
Housing development · 2513 Oak Cir

Directions",,http://www.hideoutassoc.com
Property Management and Co-Hosting,Hideout Lake Ariel PA,Hideout Property Owners Association,,"Hideout Property Owners Association
Hideout Property Owners Association
4.3(65)
Association / Organization ·  · Cobbs Lake Preserve, #640
Closed · Opens 8 AM Tue · (570) 698-4100

Website

Directions
 
""The Properties are a great buy for the price .""",,http://www.hideoutassoc.com
Property Management and Co-Hosting,Hideout Lake Ariel PA,Hideout Pocono Chalet,,"Hideout Pocono Chalet
Hideout Pocono Chalet
5.0(20)
Short term apartment rental agency · 1682 The Hideout, 2607 Boulder Ct
(570) 397-0557

Website

Directions
 
""The owner and host is most accommodating and very responsive.""",,http://hideoutpoconochalet.hotels-pennsylvania.com/en/
Property Management and Co-Hosting,Hideout Lake Ariel PA,The Woodhill Hideout,,"The Woodhill Hideout
The Woodhill Hideout
5.0(2)
Vacation home rental agency · Woodhill Ln

Website

Directions
 
Onsite services",,http://thewoodhillhideout.com
Property Management and Co-Hosting,Hideout Lake Ariel PA,Hideout,,"Hideout
Hideout
No reviews
Housing development · 3427 Laurel Pt

Directions",,http://www.hideoutassoc.com
Property Management and Co-Hosting,Indian Mountain Lake Lehighton PA,Indian Mountain Lake Civic Association,,"Indian Mountain Lake Civic Association
Indian Mountain Lake Civic Association
4.0(130)
Gated community ·  · 95 Highridge Rd
Open · Closes 4 PM · (570) 646-1600

Website

Directions
 
""Neighbors are mostly great!""",,http://www.indianmountainlake.com
Property Management and Co-Hosting,Indian Mountain Lake Lehighton PA,Lake View Lodge Vacation Rental,,"Lake View Lodge Vacation Rental
Lake View Lodge Vacation Rental
4.9(16)
Cottage rental · 5320 Pohopoco Dr
Open 24 hours · (973) 216-0864

Website

Directions
 
Onsite services
·
Online appointments",,http://lakeviewlodge.zeevou.direct
Property Management and Co-Hosting,Indian Mountain Lake Lehighton PA,"Pocono Pride Rental Property Management, LLC",,"Pocono Pride Rental Property Management, LLC
Pocono Pride Rental Property Management, LLC
5.0(9)
Property management company
Open · Closes 8 PM · (570) 436-8510

Directions
 
""Guests constantly compliment the cleanliness of the home.""",,http://www.bizapedia.com/pa/pocono-pride-rental-property-management-llc.html
